"349190600","BIELSKO-BIA£A","2004","01",6.7,"",3.7,"",-3.5,"",3.8,"",77.6,"",962.6,"",1012.6,"",22.6,"",32.1,""
"349190600","BIELSKO-BIA£A","2004","02",6.8,"",4.3,"",.4,"",4.9,"",74.6,"",968.3,"",1017.9,"",44.6,"",53.2,""
"349190600","BIELSKO-BIA£A","2004","03",5.9,"",3.2,"",3.1,"",5.5,"",71.4,"",972.3,"",1021.5,"",53.1,"",45.2,""
"349190600","BIELSKO-BIA£A","2004","04",4.9,"",3.2,"",9.2,"",7.1,"",61.9,"",967.1,"",1015.0,"",31.4,"",16.9,""
"349190600","BIELSKO-BIA£A","2004","05",5.8,"",2.9,"",11.8,"",8.8,"",64.4,"",966.4,"",1013.7,"",50.0,"",39.1,""
"349190600","BIELSKO-BIA£A","2004","06",5.7,"",2.8,"",15.7,"",11.7,"",66.8,"",969.4,"",1016.3,"",62.0,"",71.4,""
"349190600","BIELSKO-BIA£A","2004","07",5.1,"",2.7,"",17.4,"",13.4,"",68.7,"",969.5,"",1016.1,"",50.1,"",60.8,""
"349190600","BIELSKO-BIA£A","2004","08",4.0,"",2.8,"",18.3,"",13.5,"",66.0,"",967.9,"",1014.3,"",42.9,"",36.7,""
"349190600","BIELSKO-BIA£A","2004","09",4.1,"",3.1,"",13.6,"",9.9,"",64.7,"",972.7,"",1020.1,"",34.0,"",20.6,""
"349190600","BIELSKO-BIA£A","2004","10",4.7,"",3.1,"",11.3,"",9.1,"",67.7,"",968.9,"",1016.5,"",19.1,"",35.0,""
"349190600","BIELSKO-BIA£A","2004","11",6.8,"",3.8,"",4.1,"",6.4,"",76.6,"",969.8,"",1018.8,"",40.5,"",33.9,""
"349190600","BIELSKO-BIA£A","2004","12",5.4,"",3.2,"",1.1,"",5.2,"",78.4,"",971.3,"",1020.8,"",4.8,"",4.8,""
"349190625","ZAKOPANE","2004","01",6.5,"",1.4,"",-6.0,"",3.2,"",78.6,"",908.9,"",719.1,"",18.3,"",20.5,""
"349190625","ZAKOPANE","2004","02",6.9,"",2.2,"",-2.1,"",4.2,"",77.0,"",914.8,"",768.8,"",44.3,"",60.9,""
"349190625","ZAKOPANE","2004","03",5.9,"",1.7,"",.1,"",4.6,"",73.5,"",919.1,"",806.1,"",36.5,"",28.0,""
"349190625","ZAKOPANE","2004","04",5.2,"",1.6,"",6.4,"",6.5,"",68.4,"",915.3,"",771.1,"",32.0,"",29.1,""
"349190625","ZAKOPANE","2004","05",6.3,"",1.8,"",8.7,"",8.4,"",75.4,"",915.0,"",767.4,"",62.7,"",87.6,""
"349190625","ZAKOPANE","2004","06",6.0,"",1.6,"",13.1,"",11.2,"",76.0,"",918.7,"",799.5,"",117.0,"",51.5,""
"349190625","ZAKOPANE","2004","07",5.9,"",1.3,"",14.6,"",13.0,"",79.2,"",919.1,"",803.2,"",158.3,"",161.3,""
"349190625","ZAKOPANE","2004","08",4.8,"",1.3,"",15.0,"",13.0,"",77.7,"",917.9,"",792.6,"",33.6,"",78.2,""
"349190625","ZAKOPANE","2004","09",4.7,"",1.4,"",10.2,"",9.5,"",77.4,"",921.7,"",827.6,"",15.0,"",28.4,""
"349190625","ZAKOPANE","2004","10",4.6,"",1.6,"",7.8,"",8.5,"",79.2,"",918.0,"",794.4,"",30.7,"",25.7,""
"349190625","ZAKOPANE","2004","11",6.5,"",1.8,"",1.3,"",6.2,"",87.9,"",917.1,"",788.4,"",46.3,"",39.7,""
"349190625","ZAKOPANE","2004","12",4.8,"",1.4,"",-2.1,"",4.5,"",84.3,"",918.2,"",797.9,"",4.3,"",11.1,""
"349190650","KASPROWY WIERCH","2004","01",6.2,"",7.3,"",-11.9,"",2.1,"",82.5,"",785.2,"",1378.5,"",53.8,"",58.9,""
"349190650","KASPROWY WIERCH","2004","02",6.9,"",8.9,"",-8.9,"",2.9,"",82.4,"",791.6,"",1435.4,"",96.7,"",92.1,""
"349190650","KASPROWY WIERCH","2004","03",6.4,"",6.4,"",-6.1,"",3.3,"",80.8,"",796.7,"",1480.4,"",44.0,"",39.7,""
"349190650","KASPROWY WIERCH","2004","04",5.7,"",5.4,"",-1.6,"",4.7,"",84.5,"",795.7,"",1461.4,"",34.1,"",33.2,""
"349190650","KASPROWY WIERCH","2004","05",6.9,"",6.0,"",.1,"",6.0,"",95.4,"",796.1,"",1462.5,"",116.2,"",131.1,""
"349190650","KASPROWY WIERCH","2004","06",6.6,"",5.0,"",5.1,"",7.9,"",89.6,"",801.4,"",1507.0,"",88.5,"",55.8,""
"349190650","KASPROWY WIERCH","2004","07",6.3,"",5.5,"",7.2,"",9.4,"",91.3,"",802.4,"",1514.7,"",185.9,"",191.8,""
"349190650","KASPROWY WIERCH","2004","08",5.7,"",5.6,"",7.9,"",9.5,"",88.9,"",801.8,"",1506.8,"",80.0,"",164.3,""
"349190650","KASPROWY WIERCH","2004","09",5.6,"",5.8,"",3.4,"",6.7,"",86.3,"",803.1,"",1528.4,"",24.2,"",32.1,""
"349190650","KASPROWY WIERCH","2004","10",5.4,"",7.6,"",2.3,"",5.6,"",77.6,"",799.4,"",1492.4,"",51.4,"",27.9,""
"349190650","KASPROWY WIERCH","2004","11",6.6,"",7.9,"",-3.6,"",4.2,"",85.4,"",795.7,"",1466.7,"",113.0,"",105.7,""
"349190650","KASPROWY WIERCH","2004","12",4.7,"",7.3,"",-4.7,"",3.1,"",73.3,"",796.3,"",1473.8,"",13.4,"",17.5,""
"349200660","NOWY S•CZ","2004","01",6.3,"",1.7,"",-4.2,"",3.6,"",77.8,"",975.6,"",1013.0,"",13.1,"",10.1,""
"349200660","NOWY S•CZ","2004","02",6.6,"",2.9,"",.6,"",5.1,"",76.6,"",980.5,"",1017.4,"",25.2,"",36.5,""
"349200660","NOWY S•CZ","2004","03",5.7,"",2.2,"",3.7,"",6.1,"",74.8,"",984.8,"",1021.4,"",29.2,"",17.2,""
"349200660","NOWY S•CZ","2004","04",4.3,"",1.8,"",9.2,"",7.9,"",69.8,"",979.7,"",1015.5,"",31.2,"",15.8,""
"349200660","NOWY S•CZ","2004","05",5.9,"",1.9,"",11.9,"",10.3,"",75.4,"",978.5,"",1013.8,"",44.4,"",40.6,""
"349200660","NOWY S•CZ","2004","06",5.3,"",1.7,"",16.1,"",13.3,"",74.6,"",981.2,"",1016.1,"",72.5,"",52.7,""
"349200660","NOWY S•CZ","2004","07",5.4,"",1.3,"",17.6,"",15.7,"",79.2,"",981.2,"",1015.9,"",105.3,"",90.0,""
"349200660","NOWY S•CZ","2004","08",4.3,"",1.5,"",18.1,"",15.5,"",77.1,"",980.0,"",1014.6,"",30.5,"",23.4,""
"349200660","NOWY S•CZ","2004","09",4.2,"",1.4,"",13.1,"",11.5,"",78.1,"",985.0,"",1020.4,"",11.1,"",16.5,""
"349200660","NOWY S•CZ","2004","10",4.4,"",1.8,"",10.9,"",10.2,"",78.3,"",981.9,"",1017.4,"",18.2,"",28.7,""
"349200660","NOWY S•CZ","2004","11",6.4,"",2.5,"",4.0,"",7.2,"",85.1,"",982.2,"",1018.6,"",45.9,"",26.1,""
"349200660","NOWY S•CZ","2004","12",4.7,"",2.0,"",.9,"",5.4,"",82.3,"",984.2,"",1021.1,"",3.0,"",3.7,""
"349210670","KROSNO","2004","01",6.7,"",3.9,"",-5.2,"",3.6,"",83.7,"",971.2,"",1013.1,"",7.5,"",11.6,""
"349210670","KROSNO","2004","02",6.7,"",4.2,"",-1.3,"",5.0,"",84.0,"",975.8,"",1017.2,"",47.7,"",47.7,""
"349210670","KROSNO","2004","03",6.0,"",3.8,"",3.2,"",6.3,"",77.9,"",980.3,"",1021.3,"",28.9,"",18.3,""
"349210670","KROSNO","2004","04",4.4,"",3.4,"",8.9,"",7.6,"",67.0,"",975.6,"",1015.5,"",24.5,"",33.6,""
"349210670","KROSNO","2004","05",5.8,"",3.1,"",11.5,"",10.4,"",78.0,"",974.2,"",1013.7,"",42.0,"",43.0,""
"349210670","KROSNO","2004","06",5.3,"",3.0,"",16.0,"",13.1,"",73.5,"",976.9,"",1015.9,"",26.8,"",40.5,""
"349210670","KROSNO","2004","07",5.2,"",2.8,"",17.5,"",15.9,"",80.8,"",976.8,"",1015.6,"",135.2,"",117.9,""
"349210670","KROSNO","2004","08",4.6,"",2.9,"",17.8,"",15.6,"",78.4,"",975.8,"",1014.5,"",56.8,"",57.8,""
"349210670","KROSNO","2004","09",4.5,"",2.8,"",12.7,"",11.7,"",80.2,"",980.8,"",1020.4,"",19.4,"",9.8,""
"349210670","KROSNO","2004","10",4.7,"",3.5,"",10.7,"",10.5,"",80.9,"",978.1,"",1017.9,"",34.3,"",30.7,""
"349210670","KROSNO","2004","11",6.8,"",4.2,"",3.4,"",7.2,"",88.5,"",977.6,"",1018.4,"",51.3,"",25.9,""
"349210670","KROSNO","2004","12",6.4,"",4.0,"",.5,"",5.5,"",86.2,"",980.0,"",1021.4,"",1.4,"",10.5,""
"349220690","LESKO","2004","01",6.4,"",3.0,"",-5.2,"",3.6,"",82.4,"",960.2,"",1013.3,"",9.5,"",21.1,""
"349220690","LESKO","2004","02",6.8,"",3.4,"",-1.3,"",4.9,"",82.5,"",964.8,"",1017.4,"",32.3,"",50.0,""
"349220690","LESKO","2004","03",6.1,"",3.0,"",2.6,"",6.0,"",78.7,"",969.5,"",1021.6,"",15.1,"",15.4,""
"349220690","LESKO","2004","04",4.4,"",2.8,"",8.1,"",7.4,"",69.3,"",965.0,"",1015.8,"",20.5,"",38.1,""
"349220690","LESKO","2004","05",6.2,"",2.3,"",10.9,"",10.1,"",79.6,"",963.7,"",1013.9,"",42.4,"",50.0,""
"349220690","LESKO","2004","06",5.5,"",2.4,"",15.3,"",12.7,"",74.7,"",966.5,"",1016.1,"",20.9,"",35.8,""
"349220690","LESKO","2004","07",5.5,"",2.1,"",17.0,"",15.5,"",81.6,"",966.5,"",1015.7,"",92.2,"",141.7,""
"349220690","LESKO","2004","08",4.9,"",.0,"8",16.9,"",15.5,"",82.3,"",965.5,"",1014.7,"",109.1,"",76.8,""
"349220690","LESKO","2004","09",4.7,"",1.8,"",11.9,"",11.5,"",83.3,"",970.3,"",1020.6,"",27.8,"",42.7,""
"349220690","LESKO","2004","10",4.9,"",2.5,"",10.3,"",10.2,"",81.0,"",967.8,"",1018.4,"",35.2,"",21.5,""
"349220690","LESKO","2004","11",6.9,"",3.3,"",3.2,"",7.0,"",87.9,"",966.8,"",1018.6,"",38.1,"",19.3,""
"349220690","LESKO","2004","12",6.1,"",2.9,"",.6,"",5.4,"",84.2,"",969.2,"",1021.6,"",2.2,"",6.4,""
"350150500","JELENIA G”RA","2004","01",6.0,"",2.4,"",-4.1,"",3.9,"",79.7,"",968.7,"",1011.9,"",19.5,"",18.9,""
"350150500","JELENIA G”RA","2004","02",6.5,"",3.8,"",1.2,"",5.1,"",74.5,"",975.2,"",1017.9,"",21.8,"",14.8,""
"350150500","JELENIA G”RA","2004","03",5.7,"",3.1,"",3.0,"",5.6,"",73.5,"",979.0,"",1021.6,"",28.3,"",37.2,""
"350150500","JELENIA G”RA","2004","04",5.1,"",2.5,"",8.3,"",7.4,"",69.2,"",973.5,"",1015.0,"",10.5,"",13.3,""
"350150500","JELENIA G”RA","2004","05",5.6,"",2.6,"",10.8,"",9.2,"",72.9,"",972.9,"",1014.0,"",25.5,"",23.0,""
"350150500","JELENIA G”RA","2004","06",5.9,"",2.4,"",14.9,"",12.0,"",72.9,"",976.0,"",1016.6,"",22.5,"",42.3,""
"350150500","JELENIA G”RA","2004","07",5.3,"",2.1,"",16.3,"",13.8,"",76.2,"",976.0,"",1016.4,"",60.3,"",36.5,""
"350150500","JELENIA G”RA","2004","08",4.7,"",2.1,"",17.4,"",14.2,"",74.4,"",974.0,"",1014.2,"",39.7,"",49.7,""
"350150500","JELENIA G”RA","2004","09",4.6,"",2.1,"",12.1,"",10.6,"",77.1,"",978.8,"",1020.0,"",21.9,"",9.1,""
"350150500","JELENIA G”RA","2004","10",5.1,"",2.4,"",9.1,"",9.4,"",81.3,"",974.2,"",1015.6,"",22.1,"",13.3,""
"350150500","JELENIA G”RA","2004","11",6.7,"",3.1,"",3.2,"",7.0,"",88.2,"",976.7,"",1019.2,"",55.4,"",33.1,""
"350150500","JELENIA G”RA","2004","12",5.7,"",2.5,"",.1,"",5.4,"",86.1,"",977.1,"",1020.0,"",6.6,"",5.5,""
"350150510","åNIEØKA","2004","01",6.7,"",13.4,"",-9.3,"",2.9,"",91.3,"",823.0,"",1362.9,"",71.9,"",86.1,""
"350150510","åNIEØKA","2004","02",6.9,"",19.1,"",-6.8,"",3.7,"",92.0,"",829.5,"",1422.9,"",53.4,"",57.2,""
"350150510","åNIEØKA","2004","03",6.6,"",17.6,"",-4.7,"",4.1,"",90.8,"",834.2,"",1466.1,"",54.5,"",66.7,""
"350150510","åNIEØKA","2004","04",6.1,"",12.0,"",.1,"",5.6,"",89.8,"",832.6,"",1448.0,"",15.8,"",15.7,""
"350150510","åNIEØKA","2004","05",6.5,"",13.9,"",2.1,"",6.5,"",90.7,"",832.9,"",1449.3,"",31.4,"",29.3,""
"350150510","åNIEØKA","2004","06",6.5,"",13.4,"",6.4,"",8.5,"",88.5,"",837.6,"",1493.2,"",45.8,"",25.0,""
"350150510","åNIEØKA","2004","07",6.0,"",12.6,"",8.3,"",9.9,"",89.4,"",838.7,"",1503.0,"",40.3,"",46.0,""
"350150510","åNIEØKA","2004","08",5.4,"",12.6,"",9.9,"",10.4,"",86.0,"",837.8,"",1493.8,"",24.3,"",38.5,""
"350150510","åNIEØKA","2004","09",5.4,"",13.3,"",5.3,"",7.7,"",86.7,"",839.6,"",1512.8,"",31.9,"",16.3,""
"350150510","åNIEØKA","2004","10",6.2,"",14.6,"",2.8,"",7.0,"",91.3,"",834.2,"",1461.7,"",38.4,"",19.3,""
"350150510","åNIEØKA","2004","11",6.8,"",18.3,"",-2.7,"",4.7,"",90.9,"",832.8,"",1451.7,"",68.3,"",81.3,""
"350150510","åNIEØKA","2004","12",5.1,"",13.6,"",-2.9,"",3.6,"",77.5,"",832.9,"",1452.8,"",37.3,"",41.2,""
"350160520","K£ODZKO","2004","01",6.1,"",3.4,"",-5.0,"",3.8,"",82.6,"",967.7,"",1012.8,"",8.6,"",9.5,""
"350160520","K£ODZKO","2004","02",6.5,"",4.1,"",.0,"",5.0,"",78.4,"",973.8,"",1018.4,"",20.3,"",14.9,""
"350160520","K£ODZKO","2004","03",5.9,"",3.6,"",2.4,"",5.7,"",77.1,"",977.5,"",1021.9,"",20.3,"",33.3,""
"350160520","K£ODZKO","2004","04",4.7,"",2.9,"",8.2,"",7.6,"",70.7,"",972.0,"",1015.1,"",19.1,"",15.4,""
"350160520","K£ODZKO","2004","05",5.4,"",2.8,"",10.9,"",9.3,"",73.0,"",971.4,"",1014.1,"",31.1,"",28.7,""
"350160520","K£ODZKO","2004","06",5.4,"",2.3,"",14.8,"",12.4,"",74.7,"",974.4,"",1016.7,"",27.0,"",23.4,""
"350160520","K£ODZKO","2004","07",5.1,"",2.1,"",16.2,"",14.0,"",76.9,"",974.5,"",1016.6,"",42.1,"",22.3,""
"350160520","K£ODZKO","2004","08",4.6,"",2.5,"",17.6,"",13.9,"",72.3,"",972.6,"",1014.4,"",36.8,"",15.5,""
"350160520","K£ODZKO","2004","09",4.1,"",2.9,"",12.8,"",10.2,"",71.6,"",977.6,"",1020.3,"",10.5,"",3.1,""
"350160520","K£ODZKO","2004","10",5.2,"",3.5,"",9.6,"",9.7,"",80.6,"",973.3,"",1016.3,"",26.6,"",7.4,""
"350160520","K£ODZKO","2004","11",6.3,"",3.8,"",3.4,"",7.0,"",86.7,"",975.3,"",1019.4,"",18.2,"",24.6,""
"350160520","K£ODZKO","2004","12",5.8,"",3.1,"",-.5,"",5.4,"",88.4,"",976.3,"",1021.1,"",4.7,"",5.8,""
"350170530","OPOLE","2004","01",6.6,"",2.8,"",-3.5,"",4.2,"",84.7,"",991.3,"",1011.9,"",17.7,"",18.2,""
"350170530","OPOLE","2004","02",6.7,"",3.4,"",1.1,"",5.5,"",80.0,"",996.9,"",1017.3,"",22.6,"",28.0,""
"350170530","OPOLE","2004","03",6.0,"",3.2,"",3.9,"",6.4,"",77.2,"",1000.9,"",1021.2,"",18.8,"",24.3,""
"350170530","OPOLE","2004","04",5.0,"",2.8,"",9.5,"",8.2,"",69.7,"",995.4,"",1015.2,"",21.7,"",23.7,""
"350170530","OPOLE","2004","05",5.6,"",2.7,"",12.9,"",10.1,"",69.7,"",994.0,"",1013.5,"",22.6,"",25.4,""
"350170530","OPOLE","2004","06",5.8,"",2.4,"",16.5,"",13.2,"",71.4,"",996.7,"",1016.1,"",43.7,"",46.0,""
"350170530","OPOLE","2004","07",5.3,"",2.1,"",18.2,"",15.0,"",73.0,"",996.7,"",1015.9,"",50.3,"",18.1,""
"350170530","OPOLE","2004","08",4.6,"",2.3,"",19.2,"",15.3,"",71.5,"",994.8,"",1014.0,"",38.3,"",17.4,""
"350170530","OPOLE","2004","09",4.5,"",2.3,"",14.3,"",11.1,"",70.5,"",1000.0,"",1019.6,"",15.5,"",13.0,""
"350170530","OPOLE","2004","10",5.1,"",2.7,"",11.0,"",10.4,"",78.9,"",996.3,"",1016.0,"",19.4,"",6.0,""
"350170530","OPOLE","2004","11",6.8,"",3.3,"",4.6,"",7.6,"",86.8,"",998.2,"",1018.4,"",32.2,"",15.1,""
"350170530","OPOLE","2004","12",5.7,"",2.7,"",1.2,"",5.9,"",86.7,"",999.5,"",1020.0,"",4.4,"",9.2,""
"350180540","RACIB”RZ","2004","01",6.7,"",4.0,"",-4.0,"",3.9,"",82.2,"",986.4,"",1012.7,"",8.1,"",14.3,""
"350180540","RACIB”RZ","2004","02",6.5,"",4.7,"",.6,"",5.3,"",78.9,"",992.0,"",1017.9,"",18.0,"",20.3,""
"350180540","RACIB”RZ","2004","03",6.0,"",4.0,"",3.3,"",6.3,"",77.4,"",995.8,"",1021.6,"",20.9,"",31.2,""
"350180540","RACIB”RZ","2004","04",4.7,"",3.1,"",9.6,"",8.3,"",70.1,"",990.1,"",1015.2,"",34.0,"",13.9,""
"350180540","RACIB”RZ","2004","05",5.5,"",3.3,"",12.6,"",10.2,"",71.6,"",989.1,"",1013.8,"",16.6,"",33.6,""
"350180540","RACIB”RZ","2004","06",5.7,"",3.0,"",16.2,"",13.8,"",76.3,"",991.9,"",1016.4,"",60.5,"",31.6,""
"350180540","RACIB”RZ","2004","07",5.1,"",2.7,"",17.9,"",15.3,"",76.0,"",991.8,"",1016.1,"",37.5,"",10.8,""
"350180540","RACIB”RZ","2004","08",4.1,"",3.0,"",18.8,"",14.8,"",71.3,"",990.1,"",1014.3,"",19.0,"",7.2,""
"350180540","RACIB”RZ","2004","09",4.0,"",3.1,"",13.8,"",10.8,"",71.0,"",995.4,"",1020.1,"",13.8,"",7.8,""
"350180540","RACIB”RZ","2004","10",4.9,"",3.1,"",10.9,"",10.4,"",79.7,"",991.7,"",1016.7,"",27.7,"",22.9,""
"350180540","RACIB”RZ","2004","11",6.5,"",4.1,"",4.5,"",7.5,"",86.3,"",993.4,"",1019.0,"",28.2,"",24.4,""
"350180540","RACIB”RZ","2004","12",5.9,"",3.7,"",1.2,"",5.8,"",85.9,"",995.0,"",1020.9,"",7.8,"",5.8,""
"350190550","CZ STOCHOWA","2004","01",6.7,"",2.9,"",-4.4,"",3.9,"",85.8,"",974.6,"",1011.9,"",17.4,"",18.1,""
"350190550","CZ STOCHOWA","2004","02",6.7,"",3.4,"",-.1,"",5.2,"",81.5,"",979.9,"",1016.8,"",28.1,"",35.3,""
"350190550","CZ STOCHOWA","2004","03",5.8,"",3.3,"",3.1,"",6.1,"",77.4,"",984.5,"",1021.1,"",23.0,"",31.9,""
"350190550","CZ STOCHOWA","2004","04",4.7,"",2.8,"",8.9,"",7.4,"",65.9,"",979.9,"",1015.5,"",20.8,"",24.2,""
"350190550","CZ STOCHOWA","2004","05",5.6,"",2.6,"",12.3,"",9.5,"",68.4,"",978.3,"",1013.4,"",26.7,"",19.1,""
"350190550","CZ STOCHOWA","2004","06",5.6,"",2.6,"",16.2,"",12.1,"",67.6,"",981.1,"",1015.8,"",30.3,"",46.6,""
"350190550","CZ STOCHOWA","2004","07",5.2,"",2.3,"",18.1,"",14.3,"",70.6,"",981.2,"",1015.8,"",40.5,"",34.3,""
"350190550","CZ STOCHOWA","2004","08",4.6,"",2.4,"",19.0,"",14.5,"",68.6,"",979.7,"",1014.1,"",46.5,"",8.9,""
"350190550","CZ STOCHOWA","2004","09",4.1,"",2.3,"",13.8,"",10.7,"",69.9,"",984.4,"",1019.6,"",12.4,"",16.2,""
"350190550","CZ STOCHOWA","2004","10",4.8,"",2.6,"",10.4,"",10.2,"",80.1,"",980.9,"",1016.4,"",12.8,"",18.9,""
"350190550","CZ STOCHOWA","2004","11",6.7,"",3.4,"",3.7,"",7.2,"",88.5,"",981.8,"",1018.2,"",34.4,"",22.1,""
"350190550","CZ STOCHOWA","2004","12",6.3,"",2.7,"",.7,"",5.8,"",88.7,"",983.1,"",1020.0,"",5.5,"",10.5,""
"350190560","KATOWICE","2004","01",7.0,"",3.0,"",-3.9,"",4.0,"",83.3,"",977.0,"",1012.4,"",17.4,"",22.7,""
"350190560","KATOWICE","2004","02",6.7,"",3.4,"",.3,"",5.2,"",79.0,"",982.4,"",1017.4,"",40.0,"",46.9,""
"350190560","KATOWICE","2004","03",5.9,"",2.9,"",3.3,"",6.0,"",75.6,"",986.5,"",1021.3,"",34.2,"",32.0,""
"350190560","KATOWICE","2004","04",4.9,"",2.7,"",9.2,"",7.4,"",64.6,"",981.3,"",1015.1,"",17.0,"",22.6,""
"350190560","KATOWICE","2004","05",5.6,"",2.6,"",12.2,"",9.3,"",67.5,"",980.0,"",1013.5,"",19.1,"",19.2,""
"350190560","KATOWICE","2004","06",5.9,"",2.6,"",16.1,"",12.2,"",68.7,"",982.8,"",1015.9,"",47.6,"",39.4,""
"350190560","KATOWICE","2004","07",5.3,"",2.2,"",17.8,"",14.2,"",71.3,"",982.9,"",1015.8,"",42.8,"",38.7,""
"350190560","KATOWICE","2004","08",4.4,"",2.3,"",18.4,"",14.5,"",70.7,"",981.4,"",1014.2,"",38.2,"",16.5,""
"350190560","KATOWICE","2004","09",4.2,"",2.4,"",13.4,"",10.6,"",71.4,"",986.3,"",1019.8,"",24.8,"",10.0,""
"350190560","KATOWICE","2004","10",5.1,"",2.6,"",10.3,"",9.9,"",78.3,"",982.8,"",1016.6,"",19.6,"",18.3,""
"350190560","KATOWICE","2004","11",6.6,"",3.4,"",4.1,"",7.1,"",83.7,"",983.8,"",1018.4,"",37.7,"",28.3,""
"350190560","KATOWICE","2004","12",5.9,"",3.1,"",.8,"",5.5,"",83.3,"",985.4,"",1020.5,"",6.3,"",11.9,""
"350190566","KRAK”W-BALICE","2004","01",6.7,"",2.6,"",-4.2,"",3.9,"",83.8,"",982.4,"",1012.5,"",17.8,"",17.6,""
"350190566","KRAK”W-BALICE","2004","02",6.5,"",4.0,"",.6,"",5.5,"",80.7,"",987.4,"",1017.2,"",23.3,"",33.6,""
"350190566","KRAK”W-BALICE","2004","03",5.7,"",3.3,"",3.5,"",6.4,"",78.5,"",991.6,"",1021.2,"",36.5,"",26.8,""
"350190566","KRAK”W-BALICE","2004","04",4.5,"",3.1,"",9.5,"",7.8,"",66.7,"",986.4,"",1015.2,"",21.4,"",11.0,""
"350190566","KRAK”W-BALICE","2004","05",5.3,"",2.8,"",12.7,"",10.1,"",70.1,"",985.0,"",1013.4,"",24.4,"",18.2,""
"350190566","KRAK”W-BALICE","2004","06",5.5,"",2.9,"",16.8,"",12.9,"",69.4,"",987.7,"",1015.8,"",39.5,"",16.9,""
"350190566","KRAK”W-BALICE","2004","07",4.9,"",2.4,"",18.3,"",15.2,"",73.7,"",987.7,"",1015.7,"",46.3,"",51.1,""
"350190566","KRAK”W-BALICE","2004","08",4.1,"",2.1,"",18.9,"",16.1,"",75.6,"",986.3,"",1014.1,"",33.9,"",43.3,""
"350190566","KRAK”W-BALICE","2004","09",3.8,"",1.9,"",13.7,"",11.7,"",76.2,"",991.3,"",1019.9,"",24.1,"",12.0,""
"350190566","KRAK”W-BALICE","2004","10",4.5,"",2.1,"",10.4,"",10.4,"",81.8,"",988.0,"",1016.8,"",13.7,"",28.0,""
"350190566","KRAK”W-BALICE","2004","11",6.9,"",3.8,"",4.4,"",7.4,"",85.8,"",988.9,"",1018.3,"",23.5,"",24.9,""
"350190566","KRAK”W-BALICE","2004","12",5.4,"",2.4,"",.8,"",5.6,"",85.4,"",990.7,"",1020.6,"",5.3,"",5.3,""
"350200570","KIELCE-SUK”W","2004","01",6.8,"",2.9,"",-5.3,"",3.8,"",88.9,"",979.0,"",1012.1,"",22.7,"",21.3,""
"350200570","KIELCE-SUK”W","2004","02",6.7,"",4.0,"",-.5,"",5.3,"",84.5,"",983.5,"",1016.3,"",21.2,"",32.9,""
"350200570","KIELCE-SUK”W","2004","03",6.3,"",3.4,"",2.7,"",6.4,"",82.2,"",988.4,"",1020.9,"",10.2,"",27.4,""
"350200570","KIELCE-SUK”W","2004","04",4.1,"",3.0,"",8.2,"",7.4,"",69.3,"",983.9,"",1015.6,"",22.9,"",14.9,""
"350200570","KIELCE-SUK”W","2004","05",5.8,"",3.0,"",11.7,"",10.0,"",74.9,"",981.9,"",1013.1,"",26.0,"",15.4,""
"350200570","KIELCE-SUK”W","2004","06",5.8,"",3.1,"",15.7,"",12.3,"",71.2,"",984.5,"",1015.4,"",38.6,"",15.6,""
"350200570","KIELCE-SUK”W","2004","07",5.2,"",2.7,"",17.5,"",14.7,"",75.7,"",984.7,"",1015.4,"",38.0,"",28.8,""
"350200570","KIELCE-SUK”W","2004","08",4.8,"",2.4,"",18.1,"",15.4,"",76.4,"",983.4,"",1014.0,"",64.6,"",32.7,""
"350200570","KIELCE-SUK”W","2004","09",4.5,"",2.3,"",12.6,"",11.2,"",79.0,"",988.2,"",1019.5,"",19.2,"",12.3,""
"350200570","KIELCE-SUK”W","2004","10",5.5,"",2.9,"",9.6,"",10.2,"",84.2,"",985.2,"",1016.8,"",13.2,"",25.4,""
"350200570","KIELCE-SUK”W","2004","11",6.8,"",3.7,"",3.2,"",7.0,"",88.7,"",985.4,"",1017.7,"",40.9,"",34.7,""
"350200570","KIELCE-SUK”W","2004","12",6.5,"",3.0,"",.7,"",5.7,"",88.5,"",987.1,"",1019.7,"",8.2,"",9.5,""
"350200575","TARN”W","2004","01",6.4,"",1.4,"",-4.0,"",3.9,"",81.8,"",985.9,"",1012.4,"",16.4,"",18.8,""
"350200575","TARN”W","2004","02",6.4,"",2.0,"",.8,"",5.4,"",78.5,"",990.5,"",1016.6,"",29.5,"",41.5,""
"350200575","TARN”W","2004","03",5.9,"",1.8,"",4.2,"",6.4,"",75.0,"",994.9,"",1020.8,"",20.7,"",19.3,""
"350200575","TARN”W","2004","04",4.0,"",1.7,"",9.5,"",8.0,"",67.5,"",989.9,"",1015.2,"",30.4,"",26.9,""
"350200575","TARN”W","2004","05",5.5,"",1.9,"",12.6,"",10.0,"",69.9,"",988.2,"",1013.2,"",20.8,"",35.4,""
"350200575","TARN”W","2004","06",4.7,"",1.7,"",16.8,"",12.8,"",68.8,"",990.8,"",1015.5,"",43.5,"",23.8,""
"350200575","TARN”W","2004","07",4.6,"",1.5,"",18.4,"",15.2,"",73.5,"",990.7,"",1015.3,"",127.8,"",97.8,""
"350200575","TARN”W","2004","08",3.9,"",1.5,"",18.9,"",15.3,"",72.3,"",989.5,"",1014.0,"",35.1,"",28.7,""
"350200575","TARN”W","2004","09",3.9,"",1.4,"",13.6,"",11.5,"",74.8,"",994.7,"",1019.7,"",18.1,"",9.0,""
"350200575","TARN”W","2004","10",4.1,"",1.8,"",11.4,"",10.3,"",76.1,"",991.7,"",1016.9,"",17.3,"",30.6,""
"350200575","TARN”W","2004","11",6.3,"",2.4,"",4.8,"",7.3,"",82.1,"",992.1,"",1017.9,"",30.6,"",20.8,""
"350200575","TARN”W","2004","12",5.4,"",1.8,"",1.7,"",5.5,"",79.5,"",994.1,"",1020.3,"",9.0,"",7.9,""
"350210585","SANDOMIERZ","2004","01",6.7,"",3.4,"",-5.1,"",3.9,"",88.2,"",984.5,"",1012.3,"",15.0,"",12.6,""
"350210585","SANDOMIERZ","2004","02",6.2,"",4.3,"",-.5,"",5.3,"",84.2,"",988.5,"",1016.0,"",18.8,"",25.2,""
"350210585","SANDOMIERZ","2004","03",5.7,"",3.9,"",3.4,"",6.5,"",79.6,"",993.6,"",1020.7,"",10.1,"",17.1,""
"350210585","SANDOMIERZ","2004","04",3.7,"",3.4,"",9.0,"",7.3,"",64.8,"",989.3,"",1015.8,"",11.1,"",24.4,""
"350210585","SANDOMIERZ","2004","05",5.3,"",3.5,"",12.3,"",10.1,"",72.4,"",987.1,"",1013.3,"",23.1,"",29.2,""
"350210585","SANDOMIERZ","2004","06",4.9,"",3.4,"",16.3,"",12.6,"",69.6,"",989.7,"",1015.5,"",25.8,"",35.0,""
"350210585","SANDOMIERZ","2004","07",4.8,"",3.1,"",18.3,"",15.3,"",74.4,"",989.4,"",1015.0,"",44.5,"",45.7,""
"350210585","SANDOMIERZ","2004","08",4.2,"",2.9,"",18.5,"",15.8,"",75.7,"",988.1,"",1013.7,"",32.7,"",23.2,""
"350210585","SANDOMIERZ","2004","09",3.9,"",2.9,"",13.5,"",11.7,"",76.6,"",993.4,"",1019.6,"",8.0,"",2.5,""
"350210585","SANDOMIERZ","2004","10",4.5,"",3.1,"",10.1,"",10.6,"",84.5,"",990.9,"",1017.3,"",8.9,"",30.4,""
"350210585","SANDOMIERZ","2004","11",6.4,"",4.0,"",3.7,"",7.4,"",89.3,"",990.7,"",1017.7,"",33.2,"",15.6,""
"350210585","SANDOMIERZ","2004","12",5.8,"",3.6,"",1.0,"",5.9,"",89.0,"",992.5,"",1019.9,"",8.4,"",8.6,""
"350220580","RZESZ”W-JASIONKA","2004","01",6.7,"",4.3,"",-4.9,"",3.8,"",85.5,"",985.5,"",1012.5,"",9.6,"",10.1,""
"350220580","RZESZ”W-JASIONKA","2004","02",6.4,"",5.0,"",-.5,"",5.3,"",83.4,"",989.7,"",1016.4,"",34.8,"",38.7,""
"350220580","RZESZ”W-JASIONKA","2004","03",6.0,"",4.5,"",3.4,"",6.5,"",79.0,"",994.5,"",1020.9,"",14.5,"",15.8,""
"350220580","RZESZ”W-JASIONKA","2004","04",4.2,"",3.7,"",8.7,"",7.6,"",68.0,"",989.8,"",1015.6,"",15.8,"",45.8,""
"350220580","RZESZ”W-JASIONKA","2004","05",5.7,"",3.6,"",12.3,"",10.4,"",73.8,"",987.8,"",1013.2,"",18.3,"",22.6,""
"350220580","RZESZ”W-JASIONKA","2004","06",5.1,"",3.5,"",16.5,"",12.6,"",69.5,"",990.3,"",1015.5,"",25.4,"",38.9,""
"350220580","RZESZ”W-JASIONKA","2004","07",5.2,"",3.1,"",18.5,"",16.0,"",76.7,"",990.2,"",1015.2,"",85.6,"",94.0,""
"350220580","RZESZ”W-JASIONKA","2004","08",4.8,"",2.9,"",18.4,"",16.1,"",77.7,"",989.2,"",1014.1,"",50.9,"",47.9,""
"350220580","RZESZ”W-JASIONKA","2004","09",4.3,"",3.0,"",13.3,"",11.7,"",77.8,"",994.3,"",1019.9,"",15.0,"",7.5,""
"350220580","RZESZ”W-JASIONKA","2004","10",4.8,"",3.7,"",10.7,"",10.7,"",82.0,"",991.8,"",1017.5,"",30.0,"",26.8,""
"350220580","RZESZ”W-JASIONKA","2004","11",7.0,"",4.9,"",4.0,"",7.5,"",88.4,"",991.5,"",1017.8,"",50.7,"",33.7,""
"350220580","RZESZ”W-JASIONKA","2004","12",6.0,"",4.4,"",1.3,"",5.8,"",85.8,"",993.7,"",1020.4,"",1.6,"",7.7,""
"351150400","ZIELONA G”RA","2004","01",6.1,"",3.3,"",-3.0,"",4.7,"",91.0,"",986.3,"",1010.6,"",21.9,"",31.6,""
"351150400","ZIELONA G”RA","2004","02",6.0,"",4.0,"",1.4,"",5.8,"",82.4,"",992.5,"",1016.6,"",24.6,"",16.9,""
"351150400","ZIELONA G”RA","2004","03",5.4,"",3.7,"",4.3,"",6.2,"",73.2,"",996.8,"",1020.8,"",6.8,"",13.5,""
"351150400","ZIELONA G”RA","2004","04",4.3,"",3.2,"",9.5,"",7.3,"",63.1,"",991.4,"",1014.7,"",10.0,"",7.7,""
"351150400","ZIELONA G”RA","2004","05",5.3,"",3.2,"",12.5,"",9.6,"",67.8,"",990.0,"",1013.1,"",39.5,"",12.7,""
"351150400","ZIELONA G”RA","2004","06",5.5,"",3.1,"",15.8,"",11.8,"",67.3,"",992.8,"",1015.7,"",23.7,"",26.8,""
"351150400","ZIELONA G”RA","2004","07",4.7,"",2.9,"",17.7,"",13.6,"",68.8,"",992.8,"",1015.5,"",30.9,"",47.1,""
"351150400","ZIELONA G”RA","2004","08",4.0,"",2.7,"",19.6,"",14.3,"",65.4,"",990.8,"",1013.3,"",49.3,"",6.9,""
"351150400","ZIELONA G”RA","2004","09",4.1,"",3.2,"",14.4,"",11.0,"",68.8,"",995.5,"",1018.5,"",17.8,"",9.2,""
"351150400","ZIELONA G”RA","2004","10",4.9,"",2.9,"",10.1,"",10.1,"",81.5,"",991.4,"",1014.7,"",11.6,"",29.1,""
"351150400","ZIELONA G”RA","2004","11",6.4,"",3.8,"",3.8,"",7.4,"",90.8,"",994.3,"",1018.2,"",44.4,"",25.2,""
"351150400","ZIELONA G”RA","2004","12",6.0,"",3.5,"",1.3,"",6.1,"",90.1,"",994.3,"",1018.5,"",15.0,"",23.2,""
"351160415","LEGNICA","2004","01",6.3,"",3.7,"",-2.6,"",4.4,"",82.8,"",995.2,"",1011.0,"",10.4,"",15.3,""
"351160415","LEGNICA","2004","02",6.7,"",5.1,"",2.5,"",5.9,"",78.6,"",1001.3,"",1016.8,"",15.3,"",13.0,""
"351160415","LEGNICA","2004","03",5.9,"",4.4,"",4.7,"",6.6,"",75.8,"",1005.3,"",1020.8,"",13.3,"",25.1,""
"351160415","LEGNICA","2004","04",5.2,"",3.3,"",9.7,"",8.1,"",68.6,"",999.5,"",1014.6,"",3.8,"",8.1,""
"351160415","LEGNICA","2004","05",5.8,"",3.7,"",12.5,"",10.2,"",72.3,"",998.3,"",1013.3,"",18.8,"",29.0,""
"351160415","LEGNICA","2004","06",5.9,"",3.5,"",16.3,"",12.9,"",71.7,"",1001.1,"",1015.9,"",28.5,"",24.2,""
"351160415","LEGNICA","2004","07",5.4,"",3.3,"",18.2,"",14.4,"",71.5,"",1001.0,"",1015.7,"",49.8,"",23.6,""
"351160415","LEGNICA","2004","08",4.9,"",2.9,"",19.5,"",14.8,"",69.3,"",998.9,"",1013.5,"",23.1,"",30.8,""
"351160415","LEGNICA","2004","09",4.8,"",3.4,"",14.6,"",11.2,"",70.4,"",1004.0,"",1019.0,"",9.3,"",6.1,""
"351160415","LEGNICA","2004","10",5.3,"",3.3,"",10.7,"",10.2,"",79.5,"",999.9,"",1015.0,"",13.4,"",10.4,""
"351160415","LEGNICA","2004","11",6.8,"",4.4,"",4.6,"",7.7,"",88.3,"",1002.8,"",1018.3,"",34.4,"",34.4,""
"351160415","LEGNICA","2004","12",6.0,"",3.7,"",1.7,"",6.0,"",86.2,"",1003.4,"",1019.0,"",6.3,"",9.8,""
"351160418","LESZNO","2004","01",6.3,"",3.5,"",-3.2,"",4.4,"",86.9,"",999.0,"",1010.8,"",24.3,"",30.7,""
"351160418","LESZNO","2004","02",6.5,"",4.9,"",1.6,"",6.0,"",83.5,"",1004.7,"",1016.3,"",16.7,"",19.6,""
"351160418","LESZNO","2004","03",6.0,"",4.6,"",4.4,"",6.6,"",78.2,"",1009.1,"",1020.7,"",9.0,"",17.1,""
"351160418","LESZNO","2004","04",4.9,"",3.8,"",9.6,"",7.6,"",66.3,"",1003.6,"",1014.9,"",7.7,"",13.0,""
"351160418","LESZNO","2004","05",5.6,"",3.7,"",12.4,"",10.1,"",72.2,"",1001.9,"",1013.1,"",35.9,"",24.6,""
"351160418","LESZNO","2004","06",5.8,"",3.7,"",15.8,"",12.3,"",70.8,"",1004.5,"",1015.7,"",13.3,"",23.3,""
"351160418","LESZNO","2004","07",5.0,"",3.5,"",17.7,"",13.9,"",71.2,"",1004.5,"",1015.5,"",22.1,"",13.4,""
"351160418","LESZNO","2004","08",4.6,"",3.1,"",19.4,"",14.9,"",69.7,"",1002.5,"",1013.4,"",54.3,"",38.2,""
"351160418","LESZNO","2004","09",4.7,"",3.4,"",13.9,"",11.6,"",74.9,"",1007.4,"",1018.6,"",13.6,"",5.3,""
"351160418","LESZNO","2004","10",5.4,"",3.1,"",10.1,"",10.4,"",83.7,"",1003.7,"",1015.0,"",12.3,"",23.4,""
"351160418","LESZNO","2004","11",6.4,"",4.6,"",4.1,"",7.6,"",90.3,"",1006.4,"",1018.0,"",41.7,"",25.4,""
"351160418","LESZNO","2004","12",6.1,"",3.8,"",1.3,"",6.2,"",90.1,"",1006.8,"",1018.5,"",15.5,"",18.8,""
"351160424","WROC£AW","2004","01",6.2,"",3.5,"",-3.2,"",4.4,"",85.9,"",995.7,"",1011.5,"",13.8,"",14.2,""
"351160424","WROC£AW","2004","02",6.4,"",4.3,"",2.0,"",6.1,"",82.8,"",1001.5,"",1017.1,"",8.0,"",14.9,""
"351160424","WROC£AW","2004","03",5.8,"",3.9,"",4.5,"",6.7,"",78.3,"",1005.6,"",1021.1,"",14.2,"",30.8,""
"351160424","WROC£AW","2004","04",4.7,"",3.5,"",9.7,"",8.1,"",68.5,"",999.8,"",1015.0,"",6.4,"",11.2,""
"351160424","WROC£AW","2004","05",5.5,"",3.4,"",12.8,"",10.4,"",72.1,"",998.4,"",1013.3,"",24.1,"",10.6,""
"351160424","WROC£AW","2004","06",5.7,"",3.3,"",16.8,"",13.0,"",69.7,"",1001.1,"",1015.8,"",26.8,"",18.1,""
"351160424","WROC£AW","2004","07",5.1,"",2.9,"",18.3,"",14.9,"",73.0,"",1001.0,"",1015.7,"",39.6,"",18.9,""
"351160424","WROC£AW","2004","08",4.5,"",2.7,"",19.5,"",15.5,"",71.2,"",999.0,"",1013.6,"",36.1,"",19.7,""
"351160424","WROC£AW","2004","09",4.4,"",3.0,"",14.4,"",11.4,"",71.6,"",1004.2,"",1019.1,"",13.5,"",4.3,""
"351160424","WROC£AW","2004","10",5.0,"",3.1,"",10.6,"",10.4,"",81.7,"",1000.3,"",1015.4,"",30.6,"",7.1,""
"351160424","WROC£AW","2004","11",6.4,"",3.9,"",4.7,"",7.6,"",86.0,"",1002.8,"",1018.3,"",40.8,"",27.9,""
"351160424","WROC£AW","2004","12",5.7,"",3.3,"",1.4,"",5.7,"",83.3,"",1003.6,"",1019.3,"",4.1,"",10.5,""
"351180435","KALISZ","2004","01",6.5,"",3.8,"",-4.0,"",4.1,"",86.0,"",993.4,"",1011.3,"",14.9,"",12.9,""
"351180435","KALISZ","2004","02",6.6,"",4.9,"",.9,"",5.6,"",80.8,"",998.6,"",1016.2,"",9.4,"",16.3,""
"351180435","KALISZ","2004","03",6.0,"",4.7,"",4.1,"",6.5,"",76.1,"",1003.3,"",1020.8,"",14.3,"",27.0,""
"351180435","KALISZ","2004","04",5.4,"",3.7,"",9.4,"",7.4,"",63.4,"",998.4,"",1015.5,"",15.9,"",11.9,""
"351180435","KALISZ","2004","05",5.7,"",3.7,"",12.3,"",10.2,"",72.8,"",996.2,"",1013.0,"",19.7,"",21.6,""
"351180435","KALISZ","2004","06",5.9,"",3.6,"",16.0,"",12.3,"",69.4,"",998.8,"",1015.5,"",21.2,"",16.8,""
"351180435","KALISZ","2004","07",5.1,"",3.3,"",18.1,"",14.2,"",70.6,"",998.7,"",1015.3,"",41.9,"",7.3,""
"351180435","KALISZ","2004","08",4.9,"",3.3,"",19.6,"",15.0,"",68.9,"",997.0,"",1013.5,"",38.2,"",13.0,""
"351180435","KALISZ","2004","09",4.6,"",3.7,"",14.4,"",11.2,"",70.1,"",1001.7,"",1018.6,"",4.2,"",9.3,""
"351180435","KALISZ","2004","10",5.3,"",3.6,"",10.6,"",10.7,"",82.6,"",998.3,"",1015.3,"",28.5,"",10.8,""
"351180435","KALISZ","2004","11",6.8,"",4.7,"",4.0,"",7.6,"",90.6,"",1000.1,"",1017.5,"",40.0,"",17.2,""
"351180435","KALISZ","2004","12",6.4,"",4.2,"",1.3,"",6.2,"",91.6,"",1000.8,"",1018.4,"",7.8,"",10.1,""
"351180455","WIELU—","2004","01",6.5,"",3.5,"",-4.1,"",4.1,"",86.5,"",986.1,"",1011.6,"",22.7,"",14.3,""
"351180455","WIELU—","2004","02",6.4,"",3.9,"",.3,"",5.5,"",82.4,"",991.5,"",1016.7,"",27.0,"",27.9,""
"351180455","WIELU—","2004","03",5.9,"",3.6,"",3.6,"",6.4,"",77.8,"",995.9,"",1021.0,"",22.2,"",33.7,""
"351180455","WIELU—","2004","04",4.3,"",3.2,"",9.2,"",7.5,"",65.3,"",991.0,"",1015.4,"",35.9,"",29.0,""
"351180455","WIELU—","2004","05",5.3,"",2.9,"",12.4,"",9.6,"",68.4,"",989.1,"",1013.2,"",23.5,"",18.2,""
"351180455","WIELU—","2004","06",5.4,"",2.8,"",16.1,"",11.9,"",66.6,"",991.8,"",1015.7,"",28.9,"",21.6,""
"351180455","WIELU—","2004","07",4.8,"",2.5,"",18.1,"",13.7,"",67.8,"",991.9,"",1015.5,"",50.9,"",6.7,""
"351180455","WIELU—","2004","08",4.3,"",2.6,"",19.3,"",14.0,"",65.4,"",990.2,"",1013.8,"",39.6,"",3.3,""
"351180455","WIELU—","2004","09",4.0,"",2.7,"",14.1,"",10.6,"",67.8,"",995.1,"",1019.1,"",10.7,"",15.3,""
"351180455","WIELU—","2004","10",5.0,"",3.1,"",10.5,"",9.9,"",77.1,"",991.5,"",1015.8,"",21.0,"",9.7,""
"351180455","WIELU—","2004","11",6.6,"",3.6,"",4.0,"",7.0,"",84.0,"",993.0,"",1017.9,"",43.5,"",21.7,""
"351180455","WIELU—","2004","12",5.9,"",3.4,"",1.1,"",5.7,"",84.4,"",994.1,"",1019.3,"",9.3,"",10.2,""
"351190465","£”Dè","2004","01",6.7,"",3.1,"",-4.8,"",3.8,"",85.5,"",987.2,"",1011.4,"",23.3,"",19.4,""
"351190465","£”Dè","2004","02",6.4,"",3.8,"",.1,"",5.3,"",80.5,"",991.9,"",1015.8,"",20.4,"",40.4,""
"351190465","£”Dè","2004","03",5.8,"",3.9,"",3.5,"",6.2,"",76.2,"",996.8,"",1020.6,"",11.7,"",30.6,""
"351190465","£”Dè","2004","04",4.3,"",3.1,"",9.1,"",7.1,"",62.8,"",992.5,"",1015.6,"",34.9,"",22.0,""
"351190465","£”Dè","2004","05",5.0,"",3.2,"",12.0,"",9.3,"",68.3,"",990.0,"",1012.8,"",38.1,"",10.1,""
"351190465","£”Dè","2004","06",5.4,"",3.3,"",15.9,"",11.3,"",64.6,"",992.6,"",1015.2,"",17.9,"",30.9,""
"351190465","£”Dè","2004","07",4.8,"",3.0,"",18.2,"",13.3,"",66.0,"",992.8,"",1015.2,"",21.3,"",13.7,""
"351190465","£”Dè","2004","08",4.5,"",2.8,"",19.3,"",13.9,"",65.1,"",991.3,"",1013.6,"",50.7,"",13.8,""
"351190465","£”Dè","2004","09",4.2,"",3.0,"",13.7,"",10.5,"",69.1,"",995.8,"",1018.7,"",10.4,"",18.5,""
"351190465","£”Dè","2004","10",5.3,"",3.2,"",10.1,"",9.9,"",78.6,"",992.7,"",1015.8,"",9.9,"",16.2,""
"351190465","£”Dè","2004","11",6.8,"",3.9,"",3.8,"",7.0,"",84.7,"",993.6,"",1017.2,"",44.3,"",22.7,""
"351190465","£”Dè","2004","12",6.7,"",3.7,"",1.4,"",5.8,"",85.9,"",994.7,"",1018.5,"",14.9,"",10.1,""
"351190469","SULEJ”W","2004","01",7.0,"",3.7,"",-4.9,"",3.9,"",87.7,"",987.4,"",1011.5,"",16.0,"",14.9,""
"351190469","SULEJ”W","2004","02",6.6,"",4.9,"",-.1,"",5.4,"",82.9,"",992.0,"",1015.8,"",20.0,"",21.9,""
"351190469","SULEJ”W","2004","03",6.1,"",4.4,"",3.2,"",6.3,"",78.2,"",996.9,"",1020.5,"",12.9,"",30.7,""
"351190469","SULEJ”W","2004","04",4.3,"",3.1,"",8.3,"",7.4,"",68.8,"",992.4,"",1015.5,"",30.3,"",37.0,""
"351190469","SULEJ”W","2004","05",5.6,"",3.6,"",11.9,"",9.8,"",72.0,"",990.1,"",1012.8,"",29.2,"",14.0,""
"351190469","SULEJ”W","2004","06",5.6,"",3.7,"",15.7,"",11.8,"",68.2,"",992.7,"",1015.2,"",11.4,"",15.0,""
"351190469","SULEJ”W","2004","07",4.9,"",3.3,"",18.0,"",14.0,"",70.3,"",993.0,"",1015.3,"",12.3,"",19.1,""
"351190469","SULEJ”W","2004","08",4.6,"",3.1,"",18.9,"",14.4,"",69.4,"",991.6,"",1013.8,"",30.5,"",17.2,""
"351190469","SULEJ”W","2004","09",4.4,"",3.6,"",13.4,"",10.8,"",72.3,"",996.2,"",1019.0,"",12.4,"",16.3,""
"351190469","SULEJ”W","2004","10",5.4,"",3.4,"",10.0,"",10.3,"",82.9,"",993.2,"",1016.1,"",16.8,"",21.4,""
"351190469","SULEJ”W","2004","11",6.9,"",4.6,"",3.7,"",7.3,"",88.8,"",994.0,"",1017.4,"",41.6,"",17.8,""
"351190469","SULEJ”W","2004","12",6.7,"",4.3,"",1.3,"",6.1,"",89.9,"",995.2,"",1018.9,"",8.0,"",4.4,""
"351210488","KOZIENICE","2004","01",7.2,"",3.4,"",-5.0,"",3.8,"",85.1,"",995.5,"",1011.6,"",16.1,"",14.7,""
"351210488","KOZIENICE","2004","02",6.5,"",4.1,"",.0,"",5.2,"",79.3,"",999.2,"",1015.1,"",14.4,"",42.2,""
"351210488","KOZIENICE","2004","03",6.0,"",3.8,"",3.3,"",6.1,"",75.3,"",1004.6,"",1020.4,"",9.9,"",28.4,""
"351210488","KOZIENICE","2004","04",3.8,"",2.9,"",7.9,"",6.9,"",66.3,"",1000.5,"",1015.9,"",25.2,"",30.8,""
"351210488","KOZIENICE","2004","05",5.5,"",3.2,"",12.1,"",9.2,"",67.3,"",997.5,"",1012.7,"",21.5,"",4.9,""
"351210488","KOZIENICE","2004","06",5.4,"",3.0,"",16.0,"",11.4,"",64.9,"",999.9,"",1014.9,"",22.4,"",24.4,""
"351210488","KOZIENICE","2004","07",4.9,"",2.7,"",17.9,"",14.2,"",70.9,"",1000.1,"",1015.0,"",61.0,"",36.4,""
"351210488","KOZIENICE","2004","08",4.4,"",2.5,"",18.7,"",14.7,"",70.9,"",998.9,"",1013.7,"",58.0,"",8.0,""
"351210488","KOZIENICE","2004","09",4.2,"",2.6,"",13.3,"",11.2,"",75.0,"",1003.5,"",1018.7,"",12.1,"",4.7,""
"351210488","KOZIENICE","2004","10",5.5,"",3.1,"",10.1,"",10.4,"",82.7,"",1001.1,"",1016.4,"",10.2,"",25.1,""
"351210488","KOZIENICE","2004","11",6.9,"",3.8,"",3.7,"",7.3,"",88.8,"",1001.2,"",1016.9,"",38.0,"",12.9,""
"351210488","KOZIENICE","2004","12",6.7,"",3.6,"",1.9,"",6.2,"",87.1,"",1002.5,"",1018.4,"",6.9,"",10.4,""
"351220495","LUBLIN-RADAWIEC","2004","01",7.1,"",3.2,"",-5.8,"",3.8,"",89.7,"",981.5,"",1012.0,"",19.4,"",20.4,""
"351220495","LUBLIN-RADAWIEC","2004","02",6.6,"",4.2,"",-1.3,"",5.2,"",85.5,"",985.2,"",1015.3,"",29.5,"",30.0,""
"351220495","LUBLIN-RADAWIEC","2004","03",6.2,"",3.7,"",2.6,"",6.3,"",80.4,"",990.7,"",1020.6,"",28.8,"",15.1,""
"351220495","LUBLIN-RADAWIEC","2004","04",3.9,"",3.1,"",8.1,"",6.9,"",64.8,"",986.8,"",1016.0,"",20.6,"",39.1,""
"351220495","LUBLIN-RADAWIEC","2004","05",5.6,"",3.0,"",11.6,"",9.5,"",71.0,"",984.2,"",1012.9,"",14.4,"",14.6,""
"351220495","LUBLIN-RADAWIEC","2004","06",5.2,"",3.0,"",15.6,"",11.7,"",67.8,"",986.7,"",1015.1,"",24.9,"",44.4,""
"351220495","LUBLIN-RADAWIEC","2004","07",4.9,"",2.7,"",17.7,"",14.8,"",74.1,"",986.9,"",1015.0,"",45.6,"",58.4,""
"351220495","LUBLIN-RADAWIEC","2004","08",4.5,"",2.3,"",18.2,"",14.9,"",72.9,"",985.8,"",1013.9,"",33.1,"",17.6,""
"351220495","LUBLIN-RADAWIEC","2004","09",4.1,"",2.1,"",12.8,"",11.0,"",75.5,"",990.4,"",1019.2,"",16.2,"",3.9,""
"351220495","LUBLIN-RADAWIEC","2004","10",5.1,"",2.8,"",9.7,"",10.0,"",81.7,"",988.1,"",1017.1,"",5.5,"",18.6,""
"351220495","LUBLIN-RADAWIEC","2004","11",6.9,"",4.1,"",2.9,"",7.0,"",89.3,"",987.4,"",1017.1,"",46.9,"",21.7,""
"351220495","LUBLIN-RADAWIEC","2004","12",6.5,"",3.7,"",1.2,"",5.9,"",87.4,"",989.0,"",1018.9,"",7.5,"",13.7,""
"351230497","W£ODAWA","2004","01",7.0,"",3.9,"",-5.7,"",3.8,"",89.9,"",988.9,"",1011.8,"",11.8,"",13.2,""
"351230497","W£ODAWA","2004","02",6.5,"",4.9,"",-1.2,"",5.1,"",84.3,"",992.1,"",1014.7,"",29.8,"",17.7,""
"351230497","W£ODAWA","2004","03",6.1,"",4.4,"",2.8,"",6.2,"",79.0,"",997.9,"",1020.4,"",11.5,"",12.5,""
"351230497","W£ODAWA","2004","04",3.8,"",3.6,"",8.1,"",6.6,"",62.8,"",994.3,"",1016.2,"",22.5,"",21.3,""
"351230497","W£ODAWA","2004","05",5.4,"",3.7,"",11.8,"",9.7,"",71.4,"",991.2,"",1012.7,"",18.3,"",29.8,""
"351230497","W£ODAWA","2004","06",5.1,"",3.8,"",15.8,"",11.6,"",66.4,"",993.4,"",1014.7,"",9.5,"",27.8,""
"351230497","W£ODAWA","2004","07",4.7,"",3.3,"",18.1,"",15.0,"",73.8,"",993.6,"",1014.7,"",42.4,"",61.8,""
"351230497","W£ODAWA","2004","08",4.4,"",3.3,"",18.4,"",15.6,"",76.0,"",992.7,"",1013.8,"",33.0,"",43.4,""
"351230497","W£ODAWA","2004","09",4.0,"",3.4,"",12.8,"",11.4,"",78.4,"",997.3,"",1018.9,"",20.3,"",5.0,""
"351230497","W£ODAWA","2004","10",5.1,"",3.9,"",9.7,"",10.3,"",83.9,"",995.4,"",1017.3,"",3.9,"",16.9,""
"351230497","W£ODAWA","2004","11",6.8,"",4.7,"",3.1,"",7.2,"",91.1,"",994.5,"",1016.8,"",29.2,"",20.1,""
"351230497","W£ODAWA","2004","12",6.8,"",4.7,"",1.2,"",6.2,"",91.5,"",995.9,"",1018.4,"",5.6,"",11.0,""
"352140310","S£UBICE","2004","01",5.9,"",2.4,"",-2.2,"",4.8,"",87.1,"",1006.9,"",1010.0,"",22.4,"",31.4,""
"352140310","S£UBICE","2004","02",6.0,"",3.5,"",2.4,"",6.3,"",82.9,"",1013.3,"",1016.4,"",17.7,"",13.6,""
"352140310","S£UBICE","2004","03",5.3,"",3.4,"",5.1,"",6.7,"",75.2,"",1017.6,"",1020.6,"",6.8,"",19.1,""
"352140310","S£UBICE","2004","04",4.1,"",2.5,"",9.8,"",7.9,"",67.8,"",1011.6,"",1014.5,"",13.1,"",4.2,""
"352140310","S£UBICE","2004","05",5.4,"",2.7,"",12.9,"",10.4,"",71.6,"",1010.0,"",1012.9,"",24.1,"",11.4,""
"352140310","S£UBICE","2004","06",5.1,"",2.8,"",15.9,"",12.8,"",72.9,"",1012.5,"",1015.4,"",27.6,"",12.6,""
"352140310","S£UBICE","2004","07",4.8,"",2.5,"",17.7,"",14.6,"",74.2,"",1012.3,"",1015.2,"",22.3,"",68.7,""
"352140310","S£UBICE","2004","08",3.7,"",2.3,"",19.2,"",15.4,"",71.9,"",1010.0,"",1012.8,"",14.6,"",19.8,""
"352140310","S£UBICE","2004","09",3.9,"",2.6,"",14.0,"",11.4,"",73.7,"",1015.0,"",1018.0,"",20.7,"",18.3,""
"352140310","S£UBICE","2004","10",4.8,"",2.3,"",10.0,"",10.3,"",82.9,"",1011.1,"",1014.0,"",24.3,"",19.0,""
"352140310","S£UBICE","2004","11",6.3,"",3.2,"",4.6,"",7.7,"",89.0,"",1015.0,"",1018.0,"",28.4,"",35.5,""
"352140310","S£UBICE","2004","12",6.2,"",3.1,"",2.0,"",6.4,"",89.2,"",1014.8,"",1017.8,"",20.4,"",19.9,""
"352150300","GORZ”W WIELKOPOLSKI","2004","01",6.0,"",2.7,"",-3.3,"",4.5,"",88.9,"",1000.7,"",1010.0,"",27.4,"",29.8,""
"352150300","GORZ”W WIELKOPOLSKI","2004","02",5.9,"",3.4,"",1.9,"",6.1,"",83.1,"",1006.6,"",1015.8,"",21.0,"",7.1,""
"352150300","GORZ”W WIELKOPOLSKI","2004","03",5.8,"",3.4,"",4.7,"",6.6,"",76.4,"",1011.3,"",1020.5,"",10.2,"",10.6,""
"352150300","GORZ”W WIELKOPOLSKI","2004","04",4.5,"",3.0,"",9.5,"",7.6,"",66.6,"",1006.0,"",1014.9,"",23.6,"",9.4,""
"352150300","GORZ”W WIELKOPOLSKI","2004","05",5.4,"",2.8,"",12.8,"",10.2,"",70.7,"",1003.8,"",1012.6,"",28.6,"",26.0,""
"352150300","GORZ”W WIELKOPOLSKI","2004","06",5.5,"",2.7,"",15.6,"",12.3,"",71.2,"",1006.4,"",1015.1,"",61.0,"",14.2,""
"352150300","GORZ”W WIELKOPOLSKI","2004","07",5.1,"",2.5,"",17.6,"",14.4,"",73.4,"",1006.3,"",1015.0,"",33.6,"",40.8,""
"352150300","GORZ”W WIELKOPOLSKI","2004","08",4.2,"",2.5,"",19.5,"",15.3,"",70.1,"",1004.3,"",1012.9,"",27.4,"",25.9,""
"352150300","GORZ”W WIELKOPOLSKI","2004","09",4.3,"",2.6,"",14.2,"",11.8,"",75.0,"",1008.8,"",1017.6,"",26.1,"",12.3,""
"352150300","GORZ”W WIELKOPOLSKI","2004","10",5.3,"",2.6,"",9.9,"",10.5,"",84.9,"",1005.1,"",1014.1,"",26.4,"",14.3,""
"352150300","GORZ”W WIELKOPOLSKI","2004","11",6.3,"",3.2,"",4.1,"",7.5,"",90.0,"",1008.3,"",1017.5,"",26.0,"",32.1,""
"352150300","GORZ”W WIELKOPOLSKI","2004","12",6.5,"",3.0,"",1.8,"",6.4,"",91.0,"",1008.1,"",1017.3,"",25.7,"",18.7,""
"352160330","POZNA—","2004","01",6.1,"",3.4,"",-3.9,"",4.4,"",92.4,"",999.4,"",1010.6,"",25.7,"",25.6,""
"352160330","POZNA—","2004","02",6.1,"",4.6,"",1.4,"",5.8,"",81.9,"",1004.7,"",1015.8,"",16.7,"",11.5,""
"352160330","POZNA—","2004","03",5.7,"",4.6,"",4.6,"",6.5,"",75.3,"",1009.5,"",1020.5,"",4.0,"",17.6,""
"352160330","POZNA—","2004","04",4.4,"",3.7,"",9.5,"",7.6,"",65.7,"",1004.5,"",1015.2,"",6.3,"",12.0,""
"352160330","POZNA—","2004","05",4.9,"",4.0,"",12.7,"",10.0,"",69.6,"",1002.1,"",1012.7,"",18.5,"",31.4,""
"352160330","POZNA—","2004","06",5.2,"",4.0,"",16.1,"",11.9,"",67.4,"",1004.6,"",1015.1,"",40.4,"",14.7,""
"352160330","POZNA—","2004","07",4.8,"",3.4,"",17.9,"",13.5,"",68.3,"",1004.7,"",1015.1,"",24.7,"",24.6,""
"352160330","POZNA—","2004","08",4.4,"",3.2,"",19.8,"",14.4,"",65.8,"",1002.9,"",1013.2,"",38.0,"",19.0,""
"352160330","POZNA—","2004","09",4.2,"",3.5,"",14.1,"",11.1,"",70.8,"",1007.4,"",1018.0,"",12.5,"",10.8,""
"352160330","POZNA—","2004","10",5.3,"",3.5,"",10.1,"",10.1,"",80.7,"",1004.0,"",1014.7,"",23.6,"",22.1,""
"352160330","POZNA—","2004","11",6.1,"",4.5,"",4.1,"",7.3,"",87.3,"",1006.4,"",1017.3,"",27.2,"",19.1,""
"352160330","POZNA—","2004","12",6.3,"",3.8,"",1.7,"",6.3,"",89.7,"",1006.5,"",1017.5,"",19.6,"",15.8,""
"352180345","KO£O","2004","01",6.0,"",3.4,"",-4.6,"",4.0,"",87.5,"",996.0,"",1011.0,"",16.2,"",15.9,""
"352180345","KO£O","2004","02",5.9,"",4.2,"",1.0,"",5.6,"",80.5,"",1000.7,"",1015.4,"",11.0,"",22.0,""
"352180345","KO£O","2004","03",5.3,"",4.8,"",4.1,"",6.5,"",77.0,"",1005.8,"",1020.4,"",8.5,"",23.8,""
"352180345","KO£O","2004","04",4.2,"",4.7,"",9.1,"",7.6,"",65.9,"",1001.3,"",1015.6,"",26.7,"",11.6,""
"352180345","KO£O","2004","05",4.7,"",4.4,"",12.3,"",9.8,"",70.0,"",998.5,"",1012.7,"",52.8,"",34.5,""
"352180345","KO£O","2004","06",5.1,"",4.4,"",15.9,"",12.0,"",68.3,"",1001.0,"",1015.0,"",23.6,"",16.4,""
"352180345","KO£O","2004","07",4.5,"",4.1,"",18.0,"",14.0,"",69.6,"",1001.2,"",1015.1,"",29.8,"",15.9,""
"352180345","KO£O","2004","08",4.5,"",4.1,"",19.6,"",14.6,"",67.6,"",999.7,"",1013.4,"",32.7,"",19.8,""
"352180345","KO£O","2004","09",4.1,"",4.0,"",14.2,"",11.2,"",71.4,"",1004.1,"",1018.2,"",12.8,"",16.6,""
"352180345","KO£O","2004","10",4.8,"",4.4,"",10.4,"",10.6,"",82.9,"",1001.0,"",1015.2,"",26.8,"",12.7,""
"352180345","KO£O","2004","11",6.2,"",5.4,"",4.0,"",7.5,"",88.7,"",1002.4,"",1017.0,"",32.2,"",13.6,""
"352180345","KO£O","2004","12",6.2,"",4.6,"",1.6,"",6.3,"",90.0,"",1003.0,"",1017.8,"",12.4,"",9.8,""
"352190360","P£OCK","2004","01",6.8,"",3.4,"",-5.4,"",3.8,"",87.6,"",997.1,"",1011.0,"",13.9,"",17.2,""
"352190360","P£OCK","2004","02",6.3,"",4.4,"",.6,"",5.5,"",80.4,"",1001.0,"",1014.7,"",18.3,"",34.7,""
"352190360","P£OCK","2004","03",6.0,"",4.4,"",3.7,"",6.4,"",76.8,"",1006.6,"",1020.2,"",4.2,"",25.1,""
"352190360","P£OCK","2004","04",4.3,"",3.4,"",8.6,"",7.4,"",66.7,"",1002.7,"",1016.0,"",52.4,"",27.2,""
"352190360","P£OCK","2004","05",5.1,"",3.5,"",12.1,"",9.5,"",68.5,"",999.3,"",1012.4,"",33.2,"",18.7,""
"352190360","P£OCK","2004","06",5.7,"",3.3,"",15.6,"",11.9,"",68.5,"",1001.8,"",1014.8,"",29.1,"",27.0,""
"352190360","P£OCK","2004","07",4.8,"",2.9,"",17.3,"",14.1,"",72.8,"",1002.2,"",1015.1,"",24.0,"",21.9,""
"352190360","P£OCK","2004","08",4.6,"",2.6,"",18.9,"",14.7,"",70.2,"",1000.8,"",1013.6,"",28.3,"",26.1,""
"352190360","P£OCK","2004","09",4.3,"",2.8,"",13.6,"",11.1,"",72.8,"",1004.9,"",1018.0,"",7.0,"",4.4,""
"352190360","P£OCK","2004","10",5.6,"",3.3,"",10.0,"",10.2,"",81.1,"",1002.3,"",1015.5,"",13.6,"",25.2,""
"352190360","P£OCK","2004","11",6.6,"",4.2,"",3.8,"",7.2,"",87.3,"",1003.0,"",1016.6,"",30.7,"",21.3,""
"352190360","P£OCK","2004","12",6.8,"",4.1,"",2.0,"",6.3,"",88.1,"",1003.6,"",1017.2,"",9.0,"",7.7,""
"352200375","WARSZAWA","2004","01",6.9,"",3.8,"",-5.1,"",3.8,"",84.9,"",997.7,"",1011.3,"",12.8,"",11.4,""
"352200375","WARSZAWA","2004","02",6.2,"",4.6,"",.0,"",5.3,"",79.9,"",1001.4,"",1014.8,"",17.7,"",38.8,""
"352200375","WARSZAWA","2004","03",5.7,"",4.5,"",3.5,"",6.3,"",76.4,"",1007.0,"",1020.3,"",6.3,"",28.8,""
"352200375","WARSZAWA","2004","04",3.9,"",3.6,"",8.7,"",7.0,"",63.2,"",1003.0,"",1016.1,"",34.0,"",23.4,""
"352200375","WARSZAWA","2004","05",4.8,"",3.8,"",12.0,"",9.7,"",69.9,"",999.7,"",1012.6,"",39.6,"",18.4,""
"352200375","WARSZAWA","2004","06",5.1,"",3.9,"",15.8,"",11.8,"",67.0,"",1002.0,"",1014.7,"",10.8,"",36.0,""
"352200375","WARSZAWA","2004","07",4.7,"",3.5,"",17.9,"",14.4,"",71.3,"",1002.4,"",1015.0,"",65.2,"",13.8,""
"352200375","WARSZAWA","2004","08",4.4,"",3.2,"",19.0,"",15.0,"",70.4,"",1001.1,"",1013.7,"",33.6,"",9.8,""
"352200375","WARSZAWA","2004","09",4.1,"",3.2,"",13.5,"",11.0,"",72.7,"",1005.5,"",1018.3,"",11.2,"",6.2,""
"352200375","WARSZAWA","2004","10",5.2,"",3.8,"",10.0,"",10.1,"",80.9,"",1003.1,"",1016.0,"",9.8,"",26.8,""
"352200375","WARSZAWA","2004","11",6.4,"",4.6,"",3.7,"",7.2,"",86.9,"",1003.3,"",1016.6,"",34.7,"",17.0,""
"352200375","WARSZAWA","2004","12",6.5,"",4.0,"",1.8,"",6.2,"",88.2,"",1004.3,"",1017.7,"",8.4,"",8.3,""
"352220385","SIEDLCE","2004","01",6.9,"",3.4,"",-5.6,"",3.9,"",91.3,"",991.6,"",1011.4,"",18.2,"",12.1,""
"352220385","SIEDLCE","2004","02",6.4,"",4.3,"",-.9,"",5.1,"",82.4,"",994.9,"",1014.5,"",21.5,"",21.7,""
"352220385","SIEDLCE","2004","03",5.9,"",4.2,"",3.0,"",6.1,"",75.9,"",1000.8,"",1020.1,"",13.4,"",29.2,""
"352220385","SIEDLCE","2004","04",3.8,"",3.1,"",7.7,"",6.6,"",63.9,"",997.3,"",1016.2,"",27.5,"",8.9,""
"352220385","SIEDLCE","2004","05",5.3,"",3.4,"",11.5,"",9.5,"",71.4,"",993.9,"",1012.5,"",53.6,"",28.0,""
"352220385","SIEDLCE","2004","06",5.0,"",3.3,"",15.2,"",11.5,"",67.8,"",996.1,"",1014.6,"",22.1,"",23.1,""
"352220385","SIEDLCE","2004","07",4.7,"",2.9,"",17.4,"",14.1,"",72.5,"",996.6,"",1014.9,"",23.0,"",30.5,""
"352220385","SIEDLCE","2004","08",4.2,"",2.7,"",18.5,"",14.4,"",70.2,"",995.5,"",1013.7,"",52.2,"",17.1,""
"352220385","SIEDLCE","2004","09",4.0,"",3.0,"",13.0,"",10.8,"",73.4,"",999.7,"",1018.4,"",13.8,"",3.7,""
"352220385","SIEDLCE","2004","10",5.3,"",3.4,"",9.9,"",9.7,"",78.0,"",997.6,"",1016.4,"",9.2,"",23.0,""
"352220385","SIEDLCE","2004","11",6.7,"",4.4,"",3.3,"",6.7,"",83.8,"",997.1,"",1016.4,"",32.3,"",14.5,""
"352220385","SIEDLCE","2004","12",6.8,"",4.0,"",1.5,"",5.8,"",84.1,"",998.1,"",1017.6,"",8.0,"",8.2,""
"352230399","TERESPOL","2004","01",6.8,"",2.8,"",-5.6,"",3.7,"",88.1,"",993.9,"",1011.5,"",10.3,"",13.1,""
"352230399","TERESPOL","2004","02",6.5,"",3.6,"",-1.0,"",5.0,"",82.8,"",996.9,"",1014.2,"",27.6,"",18.3,""
"352230399","TERESPOL","2004","03",6.0,"",3.6,"",2.9,"",6.1,"",77.2,"",1002.9,"",1020.1,"",14.7,"",12.6,""
"352230399","TERESPOL","2004","04",3.9,"",3.1,"",8.1,"",6.4,"",61.3,"",999.5,"",1016.3,"",18.8,"",13.9,""
"352230399","TERESPOL","2004","05",5.1,"",3.2,"",11.7,"",9.5,"",70.2,"",996.0,"",1012.5,"",44.4,"",46.1,""
"352230399","TERESPOL","2004","06",4.9,"",2.9,"",15.8,"",11.6,"",66.9,"",998.0,"",1014.4,"",18.0,"",32.2,""
"352230399","TERESPOL","2004","07",4.9,"",2.7,"",17.9,"",14.8,"",73.8,"",998.4,"",1014.7,"",27.8,"",61.5,""
"352230399","TERESPOL","2004","08",4.3,"",2.5,"",18.5,"",15.4,"",74.6,"",997.5,"",1013.7,"",36.7,"",64.7,""
"352230399","TERESPOL","2004","09",4.1,"",2.4,"",12.5,"",11.1,"",77.8,"",1001.9,"",1018.5,"",9.2,"",7.6,""
"352230399","TERESPOL","2004","10",5.3,"",2.7,"",9.7,"",10.0,"",81.3,"",1000.2,"",1016.9,"",9.2,"",18.7,""
"352230399","TERESPOL","2004","11",6.8,"",3.5,"",3.2,"",6.9,"",87.3,"",999.2,"",1016.3,"",17.8,"",20.4,""
"352230399","TERESPOL","2004","12",6.7,"",3.3,"",1.4,"",6.0,"",87.7,"",1000.4,"",1017.7,"",5.1,"",15.7,""
"353140200","åWINOUJåCIE","2004","01",5.4,"",3.0,"",-2.0,"",4.7,"",85.8,"",1008.1,"",1008.8,"",26.6,"",25.9,""
"353140200","åWINOUJåCIE","2004","02",4.8,"",2.9,"",2.0,"",6.1,"",82.4,"",1014.2,"",1014.9,"",34.9,"",19.3,""
"353140200","åWINOUJåCIE","2004","03",4.5,"",3.1,"",4.3,"",6.7,"",78.6,"",1019.4,"",1020.1,"",8.2,"",15.1,""
"353140200","åWINOUJåCIE","2004","04",3.4,"",2.5,"",8.2,"",8.1,"",76.3,"",1014.3,"",1015.0,"",21.4,"",5.0,""
"353140200","åWINOUJåCIE","2004","05",4.1,"",2.6,"",11.9,"",10.2,"",74.0,"",1011.8,"",1012.5,"",12.0,"",15.8,""
"353140200","åWINOUJåCIE","2004","06",4.6,"",2.6,"",14.6,"",12.4,"",75.2,"",1013.7,"",1014.4,"",45.2,"",36.7,""
"353140200","åWINOUJåCIE","2004","07",4.3,"",2.6,"",16.4,"",14.6,"",78.6,"",1013.7,"",1014.3,"",56.7,"",46.5,""
"353140200","åWINOUJåCIE","2004","08",3.6,"",2.8,"",18.4,"",16.5,"",78.3,"",1011.8,"",1012.4,"",24.3,"",21.5,""
"353140200","åWINOUJåCIE","2004","09",3.6,"",3.0,"",14.1,"",12.2,"",76.6,"",1015.6,"",1016.3,"",19.9,"",18.2,""
"353140200","åWINOUJåCIE","2004","10",4.9,"",2.8,"",10.2,"",10.3,"",82.2,"",1012.2,"",1012.9,"",22.8,"",28.6,""
"353140200","åWINOUJåCIE","2004","11",4.9,"",3.5,"",4.8,"",7.4,"",84.9,"",1015.9,"",1016.6,"",20.4,"",16.5,""
"353140200","åWINOUJåCIE","2004","12",5.5,"",3.1,"",3.2,"",6.8,"",88.3,"",1014.7,"",1015.4,"",27.2,"",10.4,""
"353140205","SZCZECIN","2004","01",6.0,"",4.2,"",-2.4,"",4.7,"",87.3,"",1008.5,"",1009.4,"",24.2,"",22.5,""
"353140205","SZCZECIN","2004","02",5.7,"",4.5,"",2.2,"",6.2,"",83.3,"",1014.4,"",1015.3,"",20.5,"",18.9,""
"353140205","SZCZECIN","2004","03",5.5,"",4.8,"",4.9,"",6.9,"",77.7,"",1019.4,"",1020.2,"",9.2,"",15.2,""
"353140205","SZCZECIN","2004","04",4.0,"",4.0,"",9.2,"",7.8,"",69.4,"",1014.1,"",1014.9,"",20.7,"",11.0,""
"353140205","SZCZECIN","2004","05",5.0,"",3.6,"",12.6,"",10.5,"",73.1,"",1011.7,"",1012.5,"",12.6,"",19.2,""
"353140205","SZCZECIN","2004","06",5.1,"",3.7,"",15.2,"",12.6,"",74.3,"",1013.9,"",1014.7,"",40.3,"",10.7,""
"353140205","SZCZECIN","2004","07",5.2,"",3.5,"",17.2,"",14.8,"",76.7,"",1013.8,"",1014.6,"",24.1,"",70.7,""
"353140205","SZCZECIN","2004","08",3.9,"",3.4,"",19.2,"",16.0,"",74.3,"",1011.8,"",1012.6,"",28.7,"",20.1,""
"353140205","SZCZECIN","2004","09",4.2,"",4.0,"",14.1,"",12.1,"",76.9,"",1016.0,"",1016.8,"",11.9,"",10.0,""
"353140205","SZCZECIN","2004","10",5.2,"",4.1,"",10.2,"",10.5,"",83.1,"",1012.6,"",1013.4,"",22.6,"",13.5,""
"353140205","SZCZECIN","2004","11",6.1,"",4.1,"",4.6,"",7.5,"",87.3,"",1016.2,"",1017.0,"",25.6,"",36.1,""
"353140205","SZCZECIN","2004","12",6.4,"",4.8,"",2.9,"",6.7,"",88.5,"",1015.4,"",1016.2,"",20.8,"",14.9,""
"353150210","RESKO-SM”LSKO","2004","01",6.1,"",1.9,"",-4.2,"",4.4,"",88.4,"",1002.2,"",1009.4,"",29.5,"",40.5,""
"353150210","RESKO-SM”LSKO","2004","02",6.3,"",2.3,"",1.2,"",6.0,"",84.3,"",1007.8,"",1014.8,"",44.3,"",25.8,""
"353150210","RESKO-SM”LSKO","2004","03",6.2,"",2.3,"",3.9,"",6.6,"",79.6,"",1013.2,"",1020.1,"",18.4,"",29.9,""
"353150210","RESKO-SM”LSKO","2004","04",5.1,"",2.0,"",8.3,"",7.5,"",68.2,"",1008.3,"",1015.1,"",14.2,"",14.2,""
"353150210","RESKO-SM”LSKO","2004","05",6.1,"",2.2,"",11.8,"",10.3,"",72.9,"",1005.6,"",1012.3,"",33.9,"",23.7,""
"353150210","RESKO-SM”LSKO","2004","06",6.6,"",2.2,"",14.5,"",12.5,"",73.1,"",1007.6,"",1014.3,"",67.4,"",25.4,""
"353150210","RESKO-SM”LSKO","2004","07",6.0,"",1.8,"",16.4,"",14.8,"",78.5,"",1007.8,"",1014.4,"",35.9,"",32.1,""
"353150210","RESKO-SM”LSKO","2004","08",5.0,"",1.7,"",18.2,"",15.8,"",75.5,"",1006.0,"",1012.6,"",32.5,"",26.8,""
"353150210","RESKO-SM”LSKO","2004","09",5.5,"",1.9,"",12.9,"",12.1,"",79.5,"",1009.7,"",1016.4,"",16.3,"",13.0,""
"353150210","RESKO-SM”LSKO","2004","10",6.0,"",1.9,"",9.3,"",10.2,"",84.8,"",1006.5,"",1013.3,"",34.8,"",14.8,""
"353150210","RESKO-SM”LSKO","2004","11",6.2,"",1.9,"",3.7,"",7.1,"",86.2,"",1009.5,"",1016.4,"",22.3,"",51.5,""
"353150210","RESKO-SM”LSKO","2004","12",7.1,"",2.2,"",2.4,"",6.7,"",89.8,"",1008.5,"",1015.5,"",39.0,"",24.8,""
"353160230","PI£A","2004","01",6.1,"",2.3,"",-4.6,"",4.2,"",90.1,"",1000.9,"",1010.3,"",26.6,"",32.5,""
"353160230","PI£A","2004","02",6.0,"",3.0,"",1.1,"",5.8,"",82.6,"",1005.9,"",1015.1,"",23.2,"",15.8,""
"353160230","PI£A","2004","03",5.9,"",3.0,"",3.8,"",6.4,"",78.1,"",1011.1,"",1020.3,"",18.2,"",19.4,""
"353160230","PI£A","2004","04",4.3,"",2.5,"",8.7,"",7.3,"",66.7,"",1006.5,"",1015.5,"",8.9,"",6.4,""
"353160230","PI£A","2004","05",5.2,"",2.9,"",12.0,"",9.8,"",70.9,"",1003.6,"",1012.5,"",49.0,"",23.4,""
"353160230","PI£A","2004","06",5.6,"",2.8,"",15.1,"",11.8,"",70.3,"",1006.2,"",1015.0,"",51.0,"",13.9,""
"353160230","PI£A","2004","07",5.0,"",2.4,"",17.0,"",13.8,"",72.7,"",1006.3,"",1015.0,"",35.9,"",13.5,""
"353160230","PI£A","2004","08",4.6,"",2.3,"",18.9,"",15.1,"",71.3,"",1004.6,"",1013.3,"",74.8,"",12.5,""
"353160230","PI£A","2004","09",4.5,"",2.4,"",13.3,"",11.4,"",76.1,"",1008.6,"",1017.5,"",35.7,"",15.8,""
"353160230","PI£A","2004","10",5.6,"",2.5,"",9.6,"",10.1,"",83.2,"",1005.6,"",1014.5,"",24.2,"",25.1,""
"353160230","PI£A","2004","11",6.3,"",2.8,"",3.8,"",7.2,"",87.6,"",1007.9,"",1017.0,"",20.0,"",20.7,""
"353160230","PI£A","2004","12",7.0,"",2.6,"",1.7,"",6.3,"",90.9,"",1007.7,"",1016.9,"",24.4,"",21.2,""
"353170235","CHOJNICE","2004","01",6.3,"",3.4,"",-5.4,"",3.9,"",90.7,"",988.4,"",1010.3,"",17.8,"",24.7,""
"353170235","CHOJNICE","2004","02",6.2,"",4.4,"",.1,"",5.4,"",84.2,"",992.8,"",1014.4,"",30.1,"",20.2,""
"353170235","CHOJNICE","2004","03",5.9,"",4.6,"",3.0,"",6.2,"",79.8,"",998.7,"",1020.2,"",19.2,"",25.1,""
"353170235","CHOJNICE","2004","04",4.4,"",3.4,"",7.8,"",6.8,"",65.9,"",995.0,"",1016.0,"",12.1,"",11.1,""
"353170235","CHOJNICE","2004","05",5.2,"",3.8,"",11.1,"",9.2,"",70.9,"",991.6,"",1012.3,"",66.5,"",25.2,""
"353170235","CHOJNICE","2004","06",5.7,"",3.8,"",14.3,"",11.2,"",70.1,"",993.9,"",1014.4,"",40.8,"",26.3,""
"353170235","CHOJNICE","2004","07",5.3,"",3.3,"",16.0,"",13.3,"",74.7,"",994.3,"",1014.7,"",37.7,"",21.1,""
"353170235","CHOJNICE","2004","08",4.7,"",3.2,"",18.1,"",14.8,"",73.4,"",993.0,"",1013.2,"",95.5,"",33.3,""
"353170235","CHOJNICE","2004","09",4.9,"",4.0,"",13.0,"",11.2,"",76.2,"",996.1,"",1016.8,"",19.1,"",6.9,""
"353170235","CHOJNICE","2004","10",5.7,"",3.9,"",8.9,"",9.8,"",84.4,"",993.4,"",1014.3,"",43.0,"",35.6,""
"353170235","CHOJNICE","2004","11",6.1,"",4.4,"",3.1,"",6.8,"",87.2,"",994.8,"",1016.2,"",21.5,"",24.2,""
"353170235","CHOJNICE","2004","12",7.1,"",4.9,"",1.6,"",6.2,"",90.4,"",994.2,"",1015.7,"",30.8,"",21.0,""
"353180250","TORU—","2004","01",6.0,"",2.6,"",-5.0,"",3.9,"",87.4,"",1001.4,"",1010.7,"",11.8,"",22.8,""
"353180250","TORU—","2004","02",6.0,"",3.2,"",.6,"",5.5,"",81.4,"",1005.6,"",1014.6,"",18.5,"",21.4,""
"353180250","TORU—","2004","03",5.6,"",3.5,"",3.7,"",6.2,"",76.3,"",1011.1,"",1020.2,"",11.5,"",16.3,""
"353180250","TORU—","2004","04",4.0,"",2.8,"",8.5,"",7.0,"",64.9,"",1007.1,"",1015.9,"",8.7,"",22.2,""
"353180250","TORU—","2004","05",4.9,"",2.9,"",11.9,"",9.3,"",67.9,"",1003.7,"",1012.4,"",33.3,"",13.9,""
"353180250","TORU—","2004","06",5.4,"",3.0,"",15.7,"",11.3,"",65.4,"",1006.1,"",1014.8,"",21.3,"",18.2,""
"353180250","TORU—","2004","07",4.7,"",2.7,"",17.4,"",13.5,"",69.6,"",1006.4,"",1015.0,"",53.7,"",10.3,""
"353180250","TORU—","2004","08",4.5,"",2.6,"",19.2,"",14.8,"",69.3,"",1005.0,"",1013.5,"",28.0,"",51.6,""
"353180250","TORU—","2004","09",4.4,"",2.7,"",13.7,"",11.2,"",72.8,"",1008.9,"",1017.6,"",18.4,"",16.8,""
"353180250","TORU—","2004","10",5.3,"",2.8,"",9.9,"",10.2,"",81.8,"",1006.2,"",1015.0,"",22.8,"",26.9,""
"353180250","TORU—","2004","11",6.0,"",3.1,"",3.7,"",7.1,"",87.4,"",1007.6,"",1016.6,"",16.5,"",15.2,""
"353180250","TORU—","2004","12",6.6,"",3.2,"",1.9,"",6.4,"",90.5,"",1007.7,"",1016.8,"",27.9,"",16.8,""
"353200270","M£AWA","2004","01",6.4,"",3.7,"",-6.0,"",3.7,"",90.2,"",992.1,"",1011.1,"",9.3,"",15.2,""
"353200270","M£AWA","2004","02",6.2,"",4.5,"",-.6,"",5.3,"",84.3,"",995.6,"",1014.3,"",19.0,"",24.5,""
"353200270","M£AWA","2004","03",6.0,"",4.6,"",2.6,"",6.2,"",80.2,"",1001.6,"",1020.2,"",9.2,"",17.3,""
"353200270","M£AWA","2004","04",4.5,"",3.5,"",8.0,"",6.8,"",64.6,"",998.2,"",1016.4,"",31.3,"",27.2,""
"353200270","M£AWA","2004","05",5.4,"",4.0,"",11.0,"",9.4,"",72.1,"",994.5,"",1012.4,"",57.1,"",42.7,""
"353200270","M£AWA","2004","06",5.9,"",3.7,"",14.8,"",11.6,"",70.5,"",996.7,"",1014.5,"",47.0,"",26.2,""
"353200270","M£AWA","2004","07",5.3,"",3.2,"",16.8,"",14.0,"",74.5,"",997.3,"",1014.9,"",47.5,"",26.8,""
"353200270","M£AWA","2004","08",4.8,"",3.0,"",18.5,"",14.9,"",72.5,"",996.2,"",1013.6,"",31.3,"",40.0,""
"353200270","M£AWA","2004","09",4.6,"",3.4,"",12.8,"",11.3,"",78.1,"",999.7,"",1017.6,"",11.2,"",11.4,""
"353200270","M£AWA","2004","10",5.8,"",3.7,"",9.2,"",10.1,"",84.9,"",997.4,"",1015.5,"",21.4,"",34.5,""
"353200270","M£AWA","2004","11",6.5,"",4.5,"",2.7,"",7.0,"",91.6,"",997.7,"",1016.2,"",13.3,"",15.8,""
"353200270","M£AWA","2004","12",6.8,"",4.3,"",1.2,"",6.4,"",95.5,"",998.0,"",1016.6,"",22.6,"",11.7,""
"353200272","OLSZTYN","2004","01",6.6,"",3.1,"",-6.0,"",3.6,"",87.3,"",993.2,"",1010.6,"",11.1,"",18.7,""
"353200272","OLSZTYN","2004","02",6.4,"",3.8,"",-.6,"",5.1,"",81.6,"",996.3,"",1013.5,"",25.8,"",26.1,""
"353200272","OLSZTYN","2004","03",5.8,"",3.8,"",2.4,"",5.9,"",78.5,"",1002.7,"",1019.8,"",16.5,"",17.2,""
"353200272","OLSZTYN","2004","04",3.9,"",2.9,"",7.5,"",6.5,"",64.2,"",999.7,"",1016.4,"",27.6,"",25.0,""
"353200272","OLSZTYN","2004","05",5.1,"",3.4,"",10.8,"",9.1,"",71.3,"",995.6,"",1012.0,"",47.8,"",24.7,""
"353200272","OLSZTYN","2004","06",5.5,"",3.1,"",14.4,"",11.3,"",70.3,"",997.6,"",1013.9,"",34.4,"",56.9,""
"353200272","OLSZTYN","2004","07",5.0,"",2.9,"",16.4,"",13.9,"",76.0,"",998.4,"",1014.6,"",84.3,"",31.9,""
"353200272","OLSZTYN","2004","08",4.4,"",2.5,"",18.2,"",15.4,"",75.8,"",997.4,"",1013.4,"",68.2,"",38.3,""
"353200272","OLSZTYN","2004","09",4.4,"",3.0,"",13.0,"",11.6,"",78.2,"",1000.3,"",1016.7,"",19.2,"",6.6,""
"353200272","OLSZTYN","2004","10",5.5,"",3.1,"",9.2,"",10.0,"",84.1,"",998.3,"",1014.9,"",34.9,"",37.7,""
"353200272","OLSZTYN","2004","11",6.3,"",3.8,"",2.9,"",6.8,"",88.3,"",998.3,"",1015.3,"",19.1,"",23.2,""
"353200272","OLSZTYN","2004","12",6.8,"",3.7,"",1.5,"",6.2,"",90.6,"",998.2,"",1015.3,"",33.2,"",16.3,""
"353210280","MIKO£AJKI","2004","01",6.5,"",3.1,"",-6.5,"",3.8,"",93.7,"",994.1,"",1011.0,"",13.3,"",16.3,""
"353210280","MIKO£AJKI","2004","02",6.4,"",3.5,"",-.8,"",5.3,"",86.4,"",996.8,"",1013.4,"",23.3,"",17.5,""
"353210280","MIKO£AJKI","2004","03",5.8,"",3.5,"",2.2,"",6.2,"",83.4,"",1003.7,"",1019.8,"",20.7,"",16.7,""
"353210280","MIKO£AJKI","2004","04",3.6,"",2.9,"",7.7,"",6.8,"",65.9,"",1001.2,"",1016.9,"",16.8,"",14.2,""
"353210280","MIKO£AJKI","2004","05",5.2,"",3.1,"",11.0,"",9.8,"",75.3,"",996.9,"",1012.4,"",31.1,"",28.8,""
"353210280","MIKO£AJKI","2004","06",5.6,"",2.7,"",14.7,"",12.0,"",72.8,"",998.8,"",1014.1,"",32.1,"",47.7,""
"353210280","MIKO£AJKI","2004","07",5.0,"",2.5,"",16.7,"",14.7,"",78.2,"",999.8,"",1014.9,"",31.4,"",24.2,""
"353210280","MIKO£AJKI","2004","08",4.1,"",2.4,"",18.7,"",16.1,"",76.2,"",998.8,"",1013.9,"",63.2,"",62.0,""
"353210280","MIKO£AJKI","2004","09",4.3,"",2.9,"",13.4,"",12.2,"",79.4,"",1001.7,"",1017.1,"",28.7,"",11.3,""
"353210280","MIKO£AJKI","2004","10",5.3,"",3.4,"",9.2,"",10.3,"",86.2,"",1000.1,"",1015.7,"",32.0,"",30.3,""
"353210280","MIKO£AJKI","2004","11",6.5,"",3.6,"",2.9,"",7.0,"",90.5,"",999.6,"",1015.5,"",18.3,"",23.0,""
"353210280","MIKO£AJKI","2004","12",7.0,"",3.5,"",1.6,"",6.4,"",92.7,"",999.6,"",1016.1,"",19.1,"",15.3,""
"353230295","BIA£YSTOK","2004","01",6.8,"",2.5,"",-6.4,"",3.6,"",89.0,"",991.8,"",1011.2,"",11.6,"",11.8,""
"353230295","BIA£YSTOK","2004","02",6.5,"",3.1,"",-1.6,"",4.9,"",83.9,"",994.4,"",1013.6,"",27.8,"",26.0,""
"353230295","BIA£YSTOK","2004","03",5.8,"",3.2,"",2.2,"",5.9,"",78.6,"",1001.0,"",1019.9,"",4.7,"",26.3,""
"353230295","BIA£YSTOK","2004","04",3.7,"",2.5,"",7.2,"",6.1,"",62.5,"",998.3,"",1016.8,"",18.8,"",12.9,""
"353230295","BIA£YSTOK","2004","05",5.0,"",2.9,"",10.7,"",9.2,"",72.8,"",994.3,"",1012.6,"",38.4,"",36.0,""
"353230295","BIA£YSTOK","2004","06",5.1,"",2.7,"",14.6,"",11.6,"",71.2,"",996.2,"",1014.2,"",40.1,"",21.4,""
"353230295","BIA£YSTOK","2004","07",4.6,"",2.3,"",16.5,"",14.3,"",78.0,"",997.0,"",1015.0,"",54.6,"",40.8,""
"353230295","BIA£YSTOK","2004","08",4.0,"",2.1,"",17.9,"",15.5,"",77.3,"",996.2,"",1014.0,"",50.2,"",67.4,""
"353230295","BIA£YSTOK","2004","09",4.0,"",2.1,"",12.1,"",11.4,"",81.1,"",999.7,"",1017.9,"",14.8,"",2.4,""
"353230295","BIA£YSTOK","2004","10",5.3,"",2.7,"",8.7,"",9.9,"",85.1,"",998.1,"",1016.6,"",10.4,"",23.5,""
"353230295","BIA£YSTOK","2004","11",6.6,"",3.1,"",2.2,"",6.6,"",89.4,"",997.1,"",1016.0,"",23.9,"",16.8,""
"353230295","BIA£YSTOK","2004","12",7.2,"",2.9,"",1.1,"",5.9,"",88.4,"",997.6,"",1016.5,"",21.9,"",16.3,""
"354150100","KO£OBRZEG","2004","01",5.7,"",2.8,"",-2.9,"",4.5,"",84.7,"",1008.3,"",1009.0,"",23.7,"",32.9,""
"354150100","KO£OBRZEG","2004","02",5.9,"",3.2,"",1.6,"",6.2,"",86.2,"",1013.6,"",1014.3,"",41.1,"",20.3,""
"354150100","KO£OBRZEG","2004","03",5.8,"",3.3,"",4.1,"",7.1,"",83.8,"",1019.4,"",1020.0,"",14.9,"",16.1,""
"354150100","KO£OBRZEG","2004","04",4.2,"",2.7,"",7.5,"",7.8,"",74.7,"",1014.7,"",1015.4,"",16.7,"",24.7,""
"354150100","KO£OBRZEG","2004","05",4.9,"",2.6,"",11.1,"",10.6,"",78.5,"",1011.7,"",1012.4,"",21.9,"",25.1,""
"354150100","KO£OBRZEG","2004","06",5.7,"",3.0,"",14.3,"",13.0,"",77.2,"",1013.4,"",1014.1,"",36.7,"",32.0,""
"354150100","KO£OBRZEG","2004","07",5.1,"",2.4,"",16.2,"",15.5,"",82.9,"",1013.6,"",1014.2,"",44.5,"",54.4,""
"354150100","KO£OBRZEG","2004","08",4.7,"",2.0,"",17.9,"",17.3,"",82.0,"",1012.0,"",1012.6,"",27.7,"",33.9,""
"354150100","KO£OBRZEG","2004","09",4.9,"",2.6,"",13.6,"",12.8,"",80.2,"",1015.3,"",1016.0,"",19.0,"",27.6,""
"354150100","KO£OBRZEG","2004","10",5.8,"",2.3,"",9.9,"",10.6,"",84.1,"",1012.4,"",1013.0,"",41.4,"",33.3,""
"354150100","KO£OBRZEG","2004","11",6.0,"",3.2,"",4.9,"",7.4,"",83.0,"",1015.2,"",1015.9,"",27.9,"",26.0,""
"354150100","KO£OBRZEG","2004","12",6.4,"",3.7,"",3.2,"",7.1,"",90.3,"",1014.0,"",1014.7,"",37.1,"",32.3,""
"354160105","KOSZALIN","2004","01",6.2,"",3.5,"",-3.6,"",4.2,"",84.4,"",1004.8,"",1009.3,"",20.9,"",35.9,""
"354160105","KOSZALIN","2004","02",6.2,"",4.0,"",1.4,"",5.7,"",80.5,"",1009.8,"",1014.2,"",36.7,"",27.6,""
"354160105","KOSZALIN","2004","03",6.1,"",3.9,"",3.9,"",6.4,"",77.8,"",1015.6,"",1019.9,"",17.9,"",25.6,""
"354160105","KOSZALIN","2004","04",4.3,"",3.1,"",8.3,"",7.0,"",66.5,"",1011.3,"",1015.6,"",20.3,"",14.1,""
"354160105","KOSZALIN","2004","05",5.5,"",3.6,"",11.1,"",9.7,"",73.8,"",1008.1,"",1012.3,"",41.5,"",37.5,""
"354160105","KOSZALIN","2004","06",5.9,"",3.9,"",14.3,"",11.6,"",72.3,"",1010.0,"",1014.2,"",31.9,"",19.1,""
"354160105","KOSZALIN","2004","07",5.4,"",3.0,"",15.9,"",13.7,"",76.8,"",1010.1,"",1014.3,"",68.8,"",63.5,""
"354160105","KOSZALIN","2004","08",4.6,"",2.7,"",18.5,"",15.4,"",73.8,"",1008.6,"",1012.7,"",36.6,"",39.3,""
"354160105","KOSZALIN","2004","09",4.9,"",3.3,"",13.5,"",11.7,"",75.9,"",1011.8,"",1016.0,"",30.8,"",17.4,""
"354160105","KOSZALIN","2004","10",6.0,"",3.2,"",9.8,"",9.9,"",80.2,"",1009.1,"",1013.3,"",65.5,"",37.3,""
"354160105","KOSZALIN","2004","11",6.3,"",4.1,"",4.5,"",7.0,"",81.3,"",1011.5,"",1015.9,"",26.8,"",49.3,""
"354160105","KOSZALIN","2004","12",6.9,"",4.3,"",2.9,"",6.7,"",87.5,"",1010.6,"",1014.9,"",40.3,"",30.0,""
"354160115","USTKA","2004","01",5.6,"",5.5,"",-3.1,"",4.2,"",81.8,"",1007.7,"",1009.1,"",12.2,"",25.0,""
"354160115","USTKA","2004","02",5.7,"",6.4,"",1.4,"",5.7,"",81.5,"",1012.1,"",1013.5,"",18.0,"",33.9,""
"354160115","USTKA","2004","03",5.4,"",6.3,"",3.5,"",6.4,"",80.0,"",1018.3,"",1019.7,"",12.7,"",21.4,""
"354160115","USTKA","2004","04",3.5,"",3.9,"",7.0,"",7.6,"",76.3,"",1014.5,"",1015.9,"",15.6,"",9.9,""
"354160115","USTKA","2004","05",4.4,"",5.5,"",10.8,"",10.1,"",77.9,"",1010.7,"",1012.0,"",15.9,"",13.6,""
"354160115","USTKA","2004","06",4.8,"",6.1,"",14.0,"",12.1,"",75.8,"",1012.4,"",1013.7,"",18.1,"",13.9,""
"354160115","USTKA","2004","07",4.8,"",4.7,"",16.3,"",14.0,"",76.2,"",1012.7,"",1014.0,"",28.4,"",29.0,""
"354160115","USTKA","2004","08",4.3,"",4.3,"",18.3,"",16.1,"",77.0,"",1011.4,"",1012.7,"",29.9,"",56.1,""
"354160115","USTKA","2004","09",4.4,"",5.9,"",14.5,"",12.2,"",74.3,"",1014.0,"",1015.3,"",58.8,"",83.4,""
"354160115","USTKA","2004","10",5.5,"",5.1,"",10.4,"",10.0,"",78.5,"",1011.8,"",1013.1,"",69.9,"",46.8,""
"354160115","USTKA","2004","11",5.6,"",6.6,"",5.1,"",7.1,"",79.5,"",1013.7,"",1015.1,"",16.0,"",18.8,""
"354160115","USTKA","2004","12",6.4,"",6.3,"",3.5,"",6.8,"",85.0,"",1012.6,"",1014.0,"",35.3,"",17.2,""
"354170120","£EBA","2004","01",5.7,"",4.2,"",-3.7,"",4.0,"",82.8,"",1008.6,"",1009.4,"",10.9,"",27.0,""
"354170120","£EBA","2004","02",6.1,"",5.5,"",.8,"",5.6,"",83.3,"",1012.6,"",1013.3,"",14.2,"",35.3,""
"354170120","£EBA","2004","03",5.8,"",5.6,"",3.0,"",6.6,"",84.2,"",1018.9,"",1019.6,"",14.5,"",22.2,""
"354170120","£EBA","2004","04",3.8,"",3.7,"",6.8,"",7.3,"",75.1,"",1015.5,"",1016.2,"",14.4,"",8.8,""
"354170120","£EBA","2004","05",4.9,"",5.3,"",10.7,"",9.9,"",77.7,"",1011.3,"",1012.0,"",11.0,"",9.4,""
"354170120","£EBA","2004","06",5.3,"",6.1,"",13.9,"",12.4,"",78.3,"",1012.9,"",1013.6,"",28.3,"",25.2,""
"354170120","£EBA","2004","07",5.3,"",4.6,"",15.6,"",14.4,"",82.3,"",1013.3,"",1014.0,"",75.9,"",26.7,""
"354170120","£EBA","2004","08",4.6,"",3.9,"",17.9,"",17.0,"",83.4,"",1012.1,"",1012.8,"",87.4,"",59.8,""
"354170120","£EBA","2004","09",5.0,"",5.4,"",13.7,"",12.9,"",82.2,"",1014.5,"",1015.2,"",55.3,"",56.4,""
"354170120","£EBA","2004","10",5.8,"",4.6,"",9.8,"",10.5,"",85.0,"",1012.6,"",1013.3,"",55.8,"",57.2,""
"354170120","£EBA","2004","11",5.9,"",5.5,"",4.7,"",7.3,"",83.8,"",1014.1,"",1014.8,"",36.1,"",37.4,""
"354170120","£EBA","2004","12",6.5,"",6.0,"",3.1,"",6.9,"",89.4,"",1013.0,"",1013.7,"",35.4,"",21.9,""
"354170125","L BORK","2004","01",5.6,"",2.5,"",-5.3,"",3.9,"",83.2,"",1004.2,"",1009.4,"",14.3,"",22.4,""
"354170125","L BORK","2004","02",6.3,"",3.4,"",.5,"",5.6,"",82.4,"",1008.1,"",1013.3,"",22.1,"",47.0,""
"354170125","L BORK","2004","03",5.9,"",3.6,"",2.9,"",6.4,"",81.1,"",1014.5,"",1019.6,"",19.8,"",26.1,""
"354170125","L BORK","2004","04",3.9,"",2.6,"",7.3,"",7.4,"",71.3,"",1010.9,"",1015.9,"",13.2,"",15.5,""
"354170125","L BORK","2004","05",5.2,"",4.2,"",11.0,"",10.0,"",74.5,"",1006.9,"",1011.9,"",28.6,"",12.5,""
"354170125","L BORK","2004","06",5.4,"",4.4,"",14.3,"",12.1,"",72.5,"",1008.6,"",1013.5,"",36.1,"",31.1,""
"354170125","L BORK","2004","07",5.4,"",3.3,"",15.8,"",14.4,"",78.8,"",1009.1,"",1014.0,"",87.6,"",11.1,""
"354170125","L BORK","2004","08",4.7,"",3.1,"",18.2,"",16.4,"",78.0,"",1007.9,"",1012.7,"",44.9,"",40.2,""
"354170125","L BORK","2004","09",5.2,"",3.6,"",13.4,"",12.5,"",80.1,"",1010.5,"",1015.5,"",37.2,"",50.3,""
"354170125","L BORK","2004","10",6.0,"",3.5,"",9.4,"",10.3,"",85.0,"",1008.3,"",1013.3,"",64.3,"",45.8,""
"354170125","L BORK","2004","11",5.7,"",4.2,"",3.6,"",7.0,"",85.3,"",1009.8,"",1014.9,"",34.2,"",32.9,""
"354170125","L BORK","2004","12",6.8,"",4.4,"",2.5,"",6.8,"",89.3,"",1008.7,"",1013.8,"",52.7,"",22.3,""
"354180135","HEL","2004","01",6.1,"",4.2,"",-2.8,"",4.4,"",85.8,"",1009.6,"",1009.9,"",15.5,"",23.6,""
"354180135","HEL","2004","02",5.9,"",4.2,"",.8,"",5.7,"",84.6,"",1012.9,"",1013.2,"",21.7,"",25.0,""
"354180135","HEL","2004","03",5.2,"",4.2,"",2.9,"",6.3,"",82.7,"",1019.4,"",1019.7,"",21.1,"",17.0,""
"354180135","HEL","2004","04",3.2,"",3.2,"",6.7,"",7.7,"",78.7,"",1016.4,"",1016.7,"",9.5,"",18.1,""
"354180135","HEL","2004","05",4.8,"",3.8,"",10.7,"",9.9,"",77.4,"",1011.9,"",1012.2,"",27.7,"",13.5,""
"354180135","HEL","2004","06",4.6,"",3.8,"",14.3,"",12.5,"",77.3,"",1013.4,"",1013.7,"",27.9,"",31.5,""
"354180135","HEL","2004","07",4.7,"",3.2,"",16.1,"",14.6,"",80.3,"",1014.0,"",1014.3,"",75.5,"",3.1,""
"354180135","HEL","2004","08",4.3,"",3.2,"",18.6,"",17.4,"",81.5,"",1012.9,"",1013.2,"",43.5,"",94.9,""
"354180135","HEL","2004","09",4.5,"",4.2,"",14.7,"",12.9,"",76.7,"",1015.3,"",1015.6,"",10.6,"",21.4,""
"354180135","HEL","2004","10",5.6,"",4.1,"",10.3,"",10.6,"",83.2,"",1013.6,"",1013.9,"",48.4,"",37.2,""
"354180135","HEL","2004","11",5.8,"",4.9,"",5.2,"",7.4,"",82.5,"",1014.4,"",1014.7,"",40.2,"",22.1,""
"354180135","HEL","2004","12",6.1,"",4.6,"",3.4,"",6.8,"",86.7,"",1013.7,"",1014.0,"",25.3,"",16.0,""
"354180140","GDA—SK-PORT P”£NOCNY","2004","01",5.8,"",4.6,"",-3.6,"",4.2,"",85.5,"",1008.9,"",1009.9,"",7.8,"",10.9,""
"354180140","GDA—SK-PORT P”£NOCNY","2004","02",5.9,"",4.6,"",1.5,"",6.0,"",84.0,"",1012.3,"",1013.2,"",13.0,"",16.9,""
"354180140","GDA—SK-PORT P”£NOCNY","2004","03",5.3,"",4.8,"",3.8,"",6.9,"",84.0,"",1018.7,"",1019.7,"",18.5,"",12.4,""
"354180140","GDA—SK-PORT P”£NOCNY","2004","04",3.5,"",3.5,"",7.2,"",8.2,"",80.9,"",1015.6,"",1016.5,"",13.2,"",16.3,""
"354180140","GDA—SK-PORT P”£NOCNY","2004","05",4.8,"",4.5,"",11.2,"",9.7,"",73.6,"",1011.2,"",1012.1,"",28.0,"",16.5,""
"354180140","GDA—SK-PORT P”£NOCNY","2004","06",5.0,"",4.3,"",14.9,"",12.2,"",72.5,"",1012.8,"",1013.7,"",45.2,"",26.4,""
"354180140","GDA—SK-PORT P”£NOCNY","2004","07",5.0,"",3.8,"",16.6,"",14.3,"",76.2,"",1013.4,"",1014.3,"",76.2,"",3.6,""
"354180140","GDA—SK-PORT P”£NOCNY","2004","08",4.4,"",4.1,"",19.2,"",17.0,"",76.7,"",1012.3,"",1013.2,"",60.3,"",90.2,""
"354180140","GDA—SK-PORT P”£NOCNY","2004","09",4.4,"",4.6,"",14.8,"",12.3,"",73.2,"",1014.8,"",1015.7,"",12.2,"",16.8,""
"354180140","GDA—SK-PORT P”£NOCNY","2004","10",5.5,"",4.4,"",10.5,"",10.3,"",79.6,"",1013.0,"",1013.9,"",33.9,"",24.4,""
"354180140","GDA—SK-PORT P”£NOCNY","2004","11",5.8,"",4.9,"",4.9,"",7.1,"",80.0,"",1013.9,"",1014.8,"",29.8,"",15.6,""
"354180140","GDA—SK-PORT P”£NOCNY","2004","12",6.0,"",4.5,"",3.3,"",6.4,"",82.7,"",1013.3,"",1014.2,"",21.8,"",15.7,""
"354190160","ELBL•G-MILEJEWO","2004","01",6.3,"",3.2,"",-5.2,"",3.7,"",84.8,"",1004.7,"",1010.2,"",24.5,"",28.2,""
"354190160","ELBL•G-MILEJEWO","2004","02",6.3,"",3.5,"",.3,"",5.5,"",84.4,"",1008.1,"",1013.5,"",28.8,"",45.1,""
"354190160","ELBL•G-MILEJEWO","2004","03",5.7,"",3.9,"",3.3,"",6.5,"",81.0,"",1014.3,"",1019.7,"",21.3,"",23.0,""
"354190160","ELBL•G-MILEJEWO","2004","04",3.9,"",3.3,"",8.5,"",7.1,"",64.8,"",1011.1,"",1016.3,"",17.2,"",14.8,""
"354190160","ELBL•G-MILEJEWO","2004","05",5.3,"",3.5,"",11.3,"",9.9,"",74.6,"",1006.8,"",1012.0,"",62.9,"",20.5,""
"354190160","ELBL•G-MILEJEWO","2004","06",5.6,"",3.1,"",14.7,"",12.2,"",74.2,"",1008.7,"",1013.8,"",25.1,"",42.1,""
"354190160","ELBL•G-MILEJEWO","2004","07",5.4,"",2.9,"",16.4,"",14.7,"",79.6,"",1009.3,"",1014.5,"",85.0,"",19.8,""
"354190160","ELBL•G-MILEJEWO","2004","08",4.7,"",3.0,"",18.9,"",16.5,"",76.8,"",1008.1,"",1013.2,"",64.3,"",45.4,""
"354190160","ELBL•G-MILEJEWO","2004","09",4.8,"",3.2,"",13.6,"",12.5,"",81.0,"",1011.0,"",1016.2,"",33.9,"",20.9,""
"354190160","ELBL•G-MILEJEWO","2004","10",5.3,"",3.2,"",9.6,"",10.6,"",86.4,"",1009.1,"",1014.3,"",72.1,"",37.7,""
"354190160","ELBL•G-MILEJEWO","2004","11",6.1,"",3.5,"",3.5,"",7.1,"",88.8,"",1009.8,"",1015.1,"",31.2,"",33.6,""
"354190160","ELBL•G-MILEJEWO","2004","12",6.5,"",3.4,"",2.0,"",6.6,"",92.5,"",1009.5,"",1014.8,"",30.8,"",20.5,""
"354210185","K TRZYN","2004","01",6.7,"",3.6,"",-6.8,"",3.7,"",92.5,"",996.5,"",1010.7,"",10.7,"",14.6,""
"354210185","K TRZYN","2004","02",6.4,"",4.2,"",-.7,"",5.3,"",86.0,"",999.2,"",1013.0,"",25.3,"",15.9,""
"354210185","K TRZYN","2004","03",6.0,"",4.1,"",2.3,"",6.3,"",83.8,"",1005.7,"",1019.5,"",26.2,"",16.7,""
"354210185","K TRZYN","2004","04",4.1,"",3.1,"",7.9,"",6.8,"",64.9,"",1003.0,"",1016.5,"",11.0,"",15.2,""
"354210185","K TRZYN","2004","05",5.8,"",3.8,"",10.9,"",9.8,"",75.6,"",998.6,"",1011.9,"",35.8,"",28.2,""
"354210185","K TRZYN","2004","06",5.7,"",3.4,"",14.2,"",12.3,"",77.0,"",1000.4,"",1013.6,"",32.7,"",53.3,""
"354210185","K TRZYN","2004","07",5.4,"",2.9,"",16.3,"",14.7,"",80.4,"",1001.4,"",1014.5,"",35.6,"",30.7,""
"354210185","K TRZYN","2004","08",4.8,"",2.8,"",18.4,"",15.6,"",75.8,"",1000.4,"",1013.4,"",41.0,"",55.8,""
"354210185","K TRZYN","2004","09",4.9,"",3.6,"",13.3,"",11.9,"",78.3,"",1003.1,"",1016.3,"",33.1,"",9.5,""
"354210185","K TRZYN","2004","10",5.6,"",4.0,"",9.0,"",10.3,"",87.1,"",1001.6,"",1015.0,"",36.3,"",20.2,""
"354210185","K TRZYN","2004","11",6.5,"",3.9,"",2.7,"",6.9,"",90.8,"",1001.2,"",1015.0,"",26.2,"",28.0,""
"354210185","K TRZYN","2004","12",6.9,"",4.3,"",1.6,"",6.4,"",92.0,"",1001.0,"",1014.8,"",17.3,"",10.5,""
"354220195","SUWA£KI","2004","01",6.6,"",3.6,"",-7.1,"",3.5,"",90.2,"",987.2,"",1011.1,"",11.5,"",16.5,""
"354220195","SUWA£KI","2004","02",6.6,"",4.6,"",-2.2,"",4.8,"",86.1,"",989.4,"",1012.9,"",19.5,"",13.0,""
"354220195","SUWA£KI","2004","03",5.7,"",4.5,"",1.3,"",5.9,"",84.0,"",996.4,"",1019.7,"",18.9,"",29.0,""
"354220195","SUWA£KI","2004","04",3.2,"",3.5,"",7.2,"",6.3,"",64.3,"",994.4,"",1017.2,"",19.2,"",13.1,""
"354220195","SUWA£KI","2004","05",5.0,"",4.3,"",10.4,"",9.2,"",73.9,"",989.9,"",1012.3,"",35.2,"",15.7,""
"354220195","SUWA£KI","2004","06",5.1,"",4.0,"",13.8,"",11.7,"",75.4,"",991.5,"",1013.7,"",51.4,"",46.2,""
"354220195","SUWA£KI","2004","07",4.7,"",3.3,"",16.0,"",14.2,"",79.0,"",992.8,"",1014.8,"",26.0,"",66.7,""
"354220195","SUWA£KI","2004","08",4.0,"",3.0,"",17.9,"",15.3,"",76.8,"",992.2,"",1014.0,"",22.8,"",111.4,""
"354220195","SUWA£KI","2004","09",4.5,"",3.9,"",12.4,"",11.7,"",82.0,"",994.6,"",1016.9,"",21.1,"",4.2,""
"354220195","SUWA£KI","2004","10",5.7,"",3.8,"",8.3,"",9.9,"",88.0,"",993.4,"",1016.0,"",22.5,"",31.1,""
"354220195","SUWA£KI","2004","11",6.5,"",4.0,"",1.6,"",6.7,"",93.8,"",992.2,"",1015.4,"",25.0,"",27.5,""
"354220195","SUWA£KI","2004","12",7.1,"",4.6,"",.7,"",6.2,"",94.7,"",991.9,"",1015.1,"",18.1,"",12.1,""
